age,arquivo_origem,available,cluster-ip,cpu_cores,external-ip,gates,ip,memory_bytes,momento,name,node,nominated,pod_name,port_s,readiness,ready,restarts,status,type,up-to-date
(3m23s,pods_final.txt,,,,,<none>,ago),,final,trisla-bc-nssmf-68bbbd4cb8-jg4j5,node1,10.233.102.150,,,<none>,0/1,135,CrashLoopBackOff,,
(4m36s,pods_final.txt,,,,,<none>,ago),,final,trisla-nasp-adapter-7c8bb45994-hfc76,node1,10.233.102.155,,,<none>,0/1,95,CrashLoopBackOff,,
6d19h,services.txt,,10.233.43.214,,<none>,,,,initial,kafka,,,,9092/TCP,,,,,ClusterIP,
32d,services.txt,,10.233.39.215,,<none>,,,,initial,trisla-bc-nssmf,,,,8083/TCP,,,,,ClusterIP,
31d,services.txt,,10.233.30.108,,<none>,,,,initial,trisla-bc-nssmf-metrics,,,,8083/TCP,,,,,ClusterIP,
8h,services.txt,,10.233.9.111,,<none>,,,,initial,trisla-besu,,,,"8545/TCP,8546/TCP,30303/TCP",,,,,ClusterIP,
32d,services.txt,,10.233.26.201,,<none>,,,,initial,trisla-decision-engine,,,,8082/TCP,,,,,ClusterIP,
31d,services.txt,,10.233.32.162,,<none>,,,,initial,trisla-decision-engine-metrics,,,,8082/TCP,,,,,ClusterIP,
32d,services.txt,,10.233.28.209,,<none>,,,,initial,trisla-ml-nsmf,,,,8081/TCP,,,,,ClusterIP,
32d,services.txt,,10.233.6.35,,<none>,,,,initial,trisla-nasp-adapter,,,,8085/TCP,,,,,ClusterIP,
31d,services.txt,,10.233.46.159,,<none>,,,,initial,trisla-portal-backend,,,,8001:32002/TCP,,,,,NodePort,
31d,services.txt,,10.233.19.22,,<none>,,,,initial,trisla-portal-frontend,,,,80:32001/TCP,,,,,NodePort,
32d,services.txt,,10.233.13.160,,<none>,,,,initial,trisla-sem-csmf,,,,8080/TCP,,,,,ClusterIP,
32d,services.txt,,10.233.4.83,,<none>,,,,initial,trisla-sla-agent-layer,,,,8084/TCP,,,,,ClusterIP,
31d,services.txt,,10.233.25.234,,<none>,,,,initial,trisla-sla-agent-metrics,,,,8084/TCP,,,,,ClusterIP,
32d,services.txt,,10.233.4.125,,<none>,,,,initial,trisla-ui-dashboard,,,,80/TCP,,,,,ClusterIP,
(19s,pods_initial.txt,,,,,<none>,ago),,initial,trisla-bc-nssmf-68bbbd4cb8-jg4j5,node1,10.233.102.150,,,<none>,0/1,135,Running,,
(32s,pods_initial.txt,,,,,<none>,ago),,initial,trisla-nasp-adapter-7c8bb45994-hfc76,node1,10.233.102.155,,,<none>,0/1,95,CrashLoopBackOff,,
6d19h,deployments.txt,1,,,,,,,initial,kafka,,,,,,1/1,,,,1
17h,deployments.txt,1,,,,,,,initial,trisla-bc-nssmf,,,,,,1/1,,,,1
8h,deployments.txt,1,,,,,,,initial,trisla-besu,,,,,,1/1,,,,1
7h44m,deployments.txt,1,,,,,,,initial,trisla-decision-engine,,,,,,1/1,,,,1
32d,deployments.txt,1,,,,,,,initial,trisla-ml-nsmf,,,,,,1/1,,,,1
32d,deployments.txt,1,,,,,,,initial,trisla-nasp-adapter,,,,,,1/1,,,,1
31d,deployments.txt,1,,,,,,,initial,trisla-portal-backend,,,,,,1/1,,,,1
31d,deployments.txt,1,,,,,,,initial,trisla-portal-frontend,,,,,,1/1,,,,1
28d,deployments.txt,1,,,,,,,initial,trisla-sem-csmf,,,,,,1/1,,,,1
32d,deployments.txt,1,,,,,,,initial,trisla-sla-agent-layer,,,,,,1/1,,,,1
32d,deployments.txt,1,,,,,,,initial,trisla-ui-dashboard,,,,,,1/1,,,,1
,sem_csmf_metrics.txt,,,192.168.10.16:51990,,,,-,initial,,,,INFO:,,,,,,,
,sem_csmf_metrics.txt,,,10.233.75.28:37026,,,,-,initial,,,,INFO:,,,,,,,
,sem_csmf_metrics.txt,,,192.168.10.16:51872,,,,-,initial,,,,INFO:,,,,,,,
,sem_csmf_metrics.txt,,,192.168.10.16:51878,,,,-,initial,,,,INFO:,,,,,,,
,sem_csmf_metrics.txt,,,10.233.75.28:36854,,,,-,initial,,,,INFO:,,,,,,,
,sem_csmf_metrics.txt,,,192.168.10.16:51882,,,,-,initial,,,,INFO:,,,,,,,
,sem_csmf_metrics.txt,,,10.233.75.28:36864,,,,-,initial,,,,INFO:,,,,,,,
,sem_csmf_metrics.txt,,,192.168.10.16:55266,,,,-,initial,,,,INFO:,,,,,,,
,sem_csmf_metrics.txt,,,192.168.10.16:55282,,,,-,initial,,,,INFO:,,,,,,,
,sem_csmf_metrics.txt,,,10.233.75.28:37752,,,,-,initial,,,,INFO:,,,,,,,
,sem_csmf_metrics.txt,,,192.168.10.16:55298,,,,-,initial,,,,INFO:,,,,,,,
,sem_csmf_metrics.txt,,,10.233.75.28:37758,,,,-,initial,,,,INFO:,,,,,,,
,sem_csmf_metrics.txt,,,192.168.10.16:52574,,,,-,initial,,,,INFO:,,,,,,,
,sem_csmf_metrics.txt,,,192.168.10.16:52582,,,,-,initial,,,,INFO:,,,,,,,
,sem_csmf_metrics.txt,,,10.233.75.28:45854,,,,-,initial,,,,INFO:,,,,,,,
,sem_csmf_metrics.txt,,,192.168.10.16:52594,,,,-,initial,,,,INFO:,,,,,,,
,sem_csmf_metrics.txt,,,10.233.75.28:45868,,,,-,initial,,,,INFO:,,,,,,,
,sem_csmf_metrics.txt,,,192.168.10.16:33784,,,,-,initial,,,,INFO:,,,,,,,
,sem_csmf_metrics.txt,,,192.168.10.16:33792,,,,-,initial,,,,INFO:,,,,,,,
,sem_csmf_metrics.txt,,,10.233.75.28:33074,,,,-,initial,,,,INFO:,,,,,,,
,sem_csmf_metrics.txt,,,192.168.10.16:33806,,,,-,initial,,,,INFO:,,,,,,,
,sem_csmf_metrics.txt,,,10.233.75.28:33088,,,,-,initial,,,,INFO:,,,,,,,
,sem_csmf_metrics.txt,,,192.168.10.16:37636,,,,-,initial,,,,INFO:,,,,,,,
,sem_csmf_metrics.txt,,,192.168.10.16:37642,,,,-,initial,,,,INFO:,,,,,,,
,sem_csmf_metrics.txt,,,10.233.75.28:40422,,,,-,initial,,,,INFO:,,,,,,,
,sem_csmf_metrics.txt,,,192.168.10.16:37654,,,,-,initial,,,,INFO:,,,,,,,
,sem_csmf_metrics.txt,,,10.233.75.28:40428,,,,-,initial,,,,INFO:,,,,,,,
,sem_csmf_metrics.txt,,,192.168.10.16:55726,,,,-,initial,,,,INFO:,,,,,,,
,sem_csmf_metrics.txt,,,192.168.10.16:55724,,,,-,initial,,,,INFO:,,,,,,,
,sem_csmf_metrics.txt,,,10.233.75.28:51930,,,,-,initial,,,,INFO:,,,,,,,
,sem_csmf_metrics.txt,,,192.168.10.16:55738,,,,-,initial,,,,INFO:,,,,,,,
,sem_csmf_metrics.txt,,,10.233.75.28:51934,,,,-,initial,,,,INFO:,,,,,,,
,sem_csmf_metrics.txt,,,192.168.10.16:51994,,,,-,initial,,,,INFO:,,,,,,,
,sem_csmf_metrics.txt,,,192.168.10.16:51996,,,,-,initial,,,,INFO:,,,,,,,
,sem_csmf_metrics.txt,,,10.233.75.28:40832,,,,-,initial,,,,INFO:,,,,,,,
,sem_csmf_metrics.txt,,,192.168.10.16:52010,,,,-,initial,,,,INFO:,,,,,,,
,sem_csmf_metrics.txt,,,10.233.75.28:40846,,,,-,initial,,,,INFO:,,,,,,,
,sem_csmf_metrics.txt,,,192.168.10.16:43340,,,,-,initial,,,,INFO:,,,,,,,
,sem_csmf_metrics.txt,,,192.168.10.16:43338,,,,-,initial,,,,INFO:,,,,,,,
,sem_csmf_metrics.txt,,,10.233.75.28:34516,,,,-,initial,,,,INFO:,,,,,,,
,sem_csmf_metrics.txt,,,192.168.10.16:43350,,,,-,initial,,,,INFO:,,,,,,,
,sem_csmf_metrics.txt,,,10.233.75.28:34530,,,,-,initial,,,,INFO:,,,,,,,
,sem_csmf_metrics.txt,,,192.168.10.16:43288,,,,-,initial,,,,INFO:,,,,,,,
,sem_csmf_metrics.txt,,,192.168.10.16:43290,,,,-,initial,,,,INFO:,,,,,,,
,sem_csmf_metrics.txt,,,10.233.75.28:36634,,,,-,initial,,,,INFO:,,,,,,,
,sem_csmf_metrics.txt,,,192.168.10.16:43294,,,,-,initial,,,,INFO:,,,,,,,
,sem_csmf_metrics.txt,,,10.233.75.28:36642,,,,-,initial,,,,INFO:,,,,,,,
,sem_csmf_metrics.txt,,,192.168.10.16:57206,,,,-,initial,,,,INFO:,,,,,,,
,sem_csmf_metrics.txt,,,192.168.10.16:57214,,,,-,initial,,,,INFO:,,,,,,,
,sem_csmf_metrics.txt,,,10.233.75.28:47970,,,,-,initial,,,,INFO:,,,,,,,
,sem_csmf_metrics.txt,,,192.168.10.16:57222,,,,-,initial,,,,INFO:,,,,,,,
,sem_csmf_metrics.txt,,,10.233.75.28:47986,,,,-,initial,,,,INFO:,,,,,,,
,sem_csmf_metrics.txt,,,192.168.10.16:52276,,,,-,initial,,,,INFO:,,,,,,,
,sem_csmf_metrics.txt,,,192.168.10.16:52280,,,,-,initial,,,,INFO:,,,,,,,
,sem_csmf_metrics.txt,,,10.233.75.28:40424,,,,-,initial,,,,INFO:,,,,,,,
,sem_csmf_metrics.txt,,,192.168.10.16:52290,,,,-,initial,,,,INFO:,,,,,,,
,sem_csmf_metrics.txt,,,10.233.75.28:40432,,,,-,initial,,,,INFO:,,,,,,,
,sem_csmf_metrics.txt,,,192.168.10.16:39700,,,,-,initial,,,,INFO:,,,,,,,
,sem_csmf_metrics.txt,,,192.168.10.16:39688,,,,-,initial,,,,INFO:,,,,,,,
,sem_csmf_metrics.txt,,,10.233.75.28:35948,,,,-,initial,,,,INFO:,,,,,,,
,sem_csmf_metrics.txt,,,192.168.10.16:39704,,,,-,initial,,,,INFO:,,,,,,,
,sem_csmf_metrics.txt,,,10.233.75.28:35950,,,,-,initial,,,,INFO:,,,,,,,
,sem_csmf_metrics.txt,,,192.168.10.16:51892,,,,-,initial,,,,INFO:,,,,,,,
,sem_csmf_metrics.txt,,,192.168.10.16:51900,,,,-,initial,,,,INFO:,,,,,,,
,sem_csmf_metrics.txt,,,10.233.75.28:58376,,,,-,initial,,,,INFO:,,,,,,,
,sem_csmf_metrics.txt,,,192.168.10.16:51916,,,,-,initial,,,,INFO:,,,,,,,
,sem_csmf_metrics.txt,,,10.233.75.28:58390,,,,-,initial,,,,INFO:,,,,,,,
,sem_csmf_metrics.txt,,,192.168.10.16:58350,,,,-,initial,,,,INFO:,,,,,,,
,sem_csmf_metrics.txt,,,192.168.10.16:58354,,,,-,initial,,,,INFO:,,,,,,,
,sem_csmf_metrics.txt,,,10.233.75.28:58304,,,,-,initial,,,,INFO:,,,,,,,
,sem_csmf_metrics.txt,,,192.168.10.16:58358,,,,-,initial,,,,INFO:,,,,,,,
,sem_csmf_metrics.txt,,,10.233.75.28:58314,,,,-,initial,,,,INFO:,,,,,,,
,sem_csmf_metrics.txt,,,192.168.10.16:36514,,,,-,initial,,,,INFO:,,,,,,,
,sem_csmf_metrics.txt,,,192.168.10.16:36516,,,,-,initial,,,,INFO:,,,,,,,
,sem_csmf_metrics.txt,,,10.233.75.28:35502,,,,-,initial,,,,INFO:,,,,,,,
,sem_csmf_metrics.txt,,,192.168.10.16:36538,,,,-,initial,,,,INFO:,,,,,,,
,sem_csmf_metrics.txt,,,10.233.75.28:35514,,,,-,initial,,,,INFO:,,,,,,,
,sem_csmf_metrics.txt,,,192.168.10.16:34600,,,,-,initial,,,,INFO:,,,,,,,
,sem_csmf_metrics.txt,,,192.168.10.16:34606,,,,-,initial,,,,INFO:,,,,,,,
,sem_csmf_metrics.txt,,,10.233.75.28:42330,,,,-,initial,,,,INFO:,,,,,,,
,sem_csmf_metrics.txt,,,192.168.10.16:34612,,,,-,initial,,,,INFO:,,,,,,,
,sem_csmf_metrics.txt,,,10.233.75.28:42338,,,,-,initial,,,,INFO:,,,,,,,
,sem_csmf_metrics.txt,,,192.168.10.16:34514,,,,-,initial,,,,INFO:,,,,,,,
,sem_csmf_metrics.txt,,,192.168.10.16:34512,,,,-,initial,,,,INFO:,,,,,,,
,sem_csmf_metrics.txt,,,10.233.75.28:60124,,,,-,initial,,,,INFO:,,,,,,,
,sem_csmf_metrics.txt,,,192.168.10.16:34528,,,,-,initial,,,,INFO:,,,,,,,
,sem_csmf_metrics.txt,,,10.233.75.28:60130,,,,-,initial,,,,INFO:,,,,,,,
,sem_csmf_metrics.txt,,,192.168.10.16:56624,,,,-,initial,,,,INFO:,,,,,,,
,sem_csmf_metrics.txt,,,192.168.10.16:56616,,,,-,initial,,,,INFO:,,,,,,,
,sem_csmf_metrics.txt,,,10.233.75.28:34288,,,,-,initial,,,,INFO:,,,,,,,
,sem_csmf_metrics.txt,,,192.168.10.16:56634,,,,-,initial,,,,INFO:,,,,,,,
,sem_csmf_metrics.txt,,,10.233.75.28:34298,,,,-,initial,,,,INFO:,,,,,,,
,sem_csmf_metrics.txt,,,192.168.10.16:38596,,,,-,initial,,,,INFO:,,,,,,,
,sem_csmf_metrics.txt,,,192.168.10.16:38604,,,,-,initial,,,,INFO:,,,,,,,
,sem_csmf_metrics.txt,,,10.233.75.28:43640,,,,-,initial,,,,INFO:,,,,,,,
,sem_csmf_metrics.txt,,,192.168.10.16:38618,,,,-,initial,,,,INFO:,,,,,,,
,sem_csmf_metrics.txt,,,10.233.75.28:43646,,,,-,initial,,,,INFO:,,,,,,,
,sem_csmf_metrics.txt,,,192.168.10.16:41748,,,,-,initial,,,,INFO:,,,,,,,
,sem_csmf_metrics.txt,,,192.168.10.16:41750,,,,-,initial,,,,INFO:,,,,,,,
,sem_csmf_metrics.txt,,,10.233.75.28:49888,,,,-,initial,,,,INFO:,,,,,,,
,sem_csmf_metrics.txt,,,192.168.10.16:41768,,,,-,initial,,,,INFO:,,,,,,,
,sem_csmf_metrics.txt,,,10.233.75.28:49892,,,,-,initial,,,,INFO:,,,,,,,
,sem_csmf_metrics.txt,,,192.168.10.16:34442,,,,-,initial,,,,INFO:,,,,,,,
,sem_csmf_metrics.txt,,,192.168.10.16:34452,,,,-,initial,,,,INFO:,,,,,,,
,sem_csmf_metrics.txt,,,10.233.75.28:35380,,,,-,initial,,,,INFO:,,,,,,,
,sem_csmf_metrics.txt,,,192.168.10.16:34460,,,,-,initial,,,,INFO:,,,,,,,
,sem_csmf_metrics.txt,,,10.233.75.28:35386,,,,-,initial,,,,INFO:,,,,,,,
,sem_csmf_metrics.txt,,,192.168.10.16:44482,,,,-,initial,,,,INFO:,,,,,,,
,sem_csmf_metrics.txt,,,192.168.10.16:44494,,,,-,initial,,,,INFO:,,,,,,,
,sem_csmf_metrics.txt,,,10.233.75.28:51630,,,,-,initial,,,,INFO:,,,,,,,
,sem_csmf_metrics.txt,,,192.168.10.16:44500,,,,-,initial,,,,INFO:,,,,,,,
,sem_csmf_metrics.txt,,,10.233.75.28:51634,,,,-,initial,,,,INFO:,,,,,,,
,sem_csmf_metrics.txt,,,192.168.10.16:40798,,,,-,initial,,,,INFO:,,,,,,,
,sem_csmf_metrics.txt,,,192.168.10.16:40800,,,,-,initial,,,,INFO:,,,,,,,
,sem_csmf_metrics.txt,,,10.233.75.28:47676,,,,-,initial,,,,INFO:,,,,,,,
,sem_csmf_metrics.txt,,,192.168.10.16:40806,,,,-,initial,,,,INFO:,,,,,,,
,sem_csmf_metrics.txt,,,10.233.75.28:47688,,,,-,initial,,,,INFO:,,,,,,,
,sem_csmf_metrics.txt,,,192.168.10.16:40874,,,,-,initial,,,,INFO:,,,,,,,
,sem_csmf_metrics.txt,,,192.168.10.16:40876,,,,-,initial,,,,INFO:,,,,,,,
,sem_csmf_metrics.txt,,,10.233.75.28:51308,,,,-,initial,,,,INFO:,,,,,,,
,sem_csmf_metrics.txt,,,192.168.10.16:40888,,,,-,initial,,,,INFO:,,,,,,,
,sem_csmf_metrics.txt,,,10.233.75.28:51316,,,,-,initial,,,,INFO:,,,,,,,
,sem_csmf_metrics.txt,,,192.168.10.16:37200,,,,-,initial,,,,INFO:,,,,,,,
,sem_csmf_metrics.txt,,,192.168.10.16:37204,,,,-,initial,,,,INFO:,,,,,,,
,sem_csmf_metrics.txt,,,10.233.75.28:33820,,,,-,initial,,,,INFO:,,,,,,,
,sem_csmf_metrics.txt,,,192.168.10.16:37220,,,,-,initial,,,,INFO:,,,,,,,
,sem_csmf_metrics.txt,,,10.233.75.28:33830,,,,-,initial,,,,INFO:,,,,,,,
,sem_csmf_metrics.txt,,,192.168.10.16:57190,,,,-,initial,,,,INFO:,,,,,,,
,sem_csmf_metrics.txt,,,192.168.10.16:57174,,,,-,initial,,,,INFO:,,,,,,,
,sem_csmf_metrics.txt,,,10.233.75.28:60538,,,,-,initial,,,,INFO:,,,,,,,
,sem_csmf_metrics.txt,,,192.168.10.16:57204,,,,-,initial,,,,INFO:,,,,,,,
,sem_csmf_metrics.txt,,,10.233.75.28:60548,,,,-,initial,,,,INFO:,,,,,,,
,sem_csmf_metrics.txt,,,192.168.10.16:53444,,,,-,initial,,,,INFO:,,,,,,,
,sem_csmf_metrics.txt,,,192.168.10.16:53446,,,,-,initial,,,,INFO:,,,,,,,
,sem_csmf_metrics.txt,,,10.233.75.28:49338,,,,-,initial,,,,INFO:,,,,,,,
,sem_csmf_metrics.txt,,,192.168.10.16:53462,,,,-,initial,,,,INFO:,,,,,,,
,sem_csmf_metrics.txt,,,10.233.75.28:49346,,,,-,initial,,,,INFO:,,,,,,,
,sem_csmf_metrics.txt,,,192.168.10.16:48298,,,,-,initial,,,,INFO:,,,,,,,
,sem_csmf_metrics.txt,,,192.168.10.16:48310,,,,-,initial,,,,INFO:,,,,,,,
,sem_csmf_metrics.txt,,,10.233.75.28:57114,,,,-,initial,,,,INFO:,,,,,,,
,sem_csmf_metrics.txt,,,192.168.10.16:48326,,,,-,initial,,,,INFO:,,,,,,,
,sem_csmf_metrics.txt,,,10.233.75.28:57118,,,,-,initial,,,,INFO:,,,,,,,
,sem_csmf_metrics.txt,,,192.168.10.16:58012,,,,-,initial,,,,INFO:,,,,,,,
,sem_csmf_metrics.txt,,,192.168.10.16:58028,,,,-,initial,,,,INFO:,,,,,,,
,sem_csmf_metrics.txt,,,10.233.75.28:38684,,,,-,initial,,,,INFO:,,,,,,,
,sem_csmf_metrics.txt,,,192.168.10.16:58044,,,,-,initial,,,,INFO:,,,,,,,
,sem_csmf_metrics.txt,,,10.233.75.28:38690,,,,-,initial,,,,INFO:,,,,,,,
,sem_csmf_metrics.txt,,,192.168.10.16:50104,,,,-,initial,,,,INFO:,,,,,,,
,sem_csmf_metrics.txt,,,192.168.10.16:50112,,,,-,initial,,,,INFO:,,,,,,,
,sem_csmf_metrics.txt,,,10.233.75.28:47262,,,,-,initial,,,,INFO:,,,,,,,
,sem_csmf_metrics.txt,,,192.168.10.16:50116,,,,-,initial,,,,INFO:,,,,,,,
,sem_csmf_metrics.txt,,,10.233.75.28:47268,,,,-,initial,,,,INFO:,,,,,,,
,sem_csmf_metrics.txt,,,192.168.10.16:55178,,,,-,initial,,,,INFO:,,,,,,,
,sem_csmf_metrics.txt,,,192.168.10.16:55186,,,,-,initial,,,,INFO:,,,,,,,
,sem_csmf_metrics.txt,,,10.233.75.28:37474,,,,-,initial,,,,INFO:,,,,,,,
,sem_csmf_metrics.txt,,,192.168.10.16:55200,,,,-,initial,,,,INFO:,,,,,,,
,sem_csmf_metrics.txt,,,10.233.75.28:37490,,,,-,initial,,,,INFO:,,,,,,,
,sem_csmf_metrics.txt,,,192.168.10.16:54512,,,,-,initial,,,,INFO:,,,,,,,
,sem_csmf_metrics.txt,,,192.168.10.16:54516,,,,-,initial,,,,INFO:,,,,,,,
,sem_csmf_metrics.txt,,,10.233.75.28:49092,,,,-,initial,,,,INFO:,,,,,,,
,sem_csmf_metrics.txt,,,192.168.10.16:54520,,,,-,initial,,,,INFO:,,,,,,,
,sem_csmf_metrics.txt,,,10.233.75.28:49100,,,,-,initial,,,,INFO:,,,,,,,
,sem_csmf_metrics.txt,,,192.168.10.16:56018,,,,-,initial,,,,INFO:,,,,,,,
,sem_csmf_metrics.txt,,,192.168.10.16:56030,,,,-,initial,,,,INFO:,,,,,,,
,sem_csmf_metrics.txt,,,10.233.75.28:52570,,,,-,initial,,,,INFO:,,,,,,,
,sem_csmf_metrics.txt,,,192.168.10.16:56040,,,,-,initial,,,,INFO:,,,,,,,
,sem_csmf_metrics.txt,,,10.233.75.28:52574,,,,-,initial,,,,INFO:,,,,,,,
,sem_csmf_metrics.txt,,,192.168.10.16:58138,,,,-,initial,,,,INFO:,,,,,,,
,sem_csmf_metrics.txt,,,192.168.10.16:58142,,,,-,initial,,,,INFO:,,,,,,,
,sem_csmf_metrics.txt,,,10.233.75.28:35324,,,,-,initial,,,,INFO:,,,,,,,
,sem_csmf_metrics.txt,,,192.168.10.16:58152,,,,-,initial,,,,INFO:,,,,,,,
,sem_csmf_metrics.txt,,,10.233.75.28:35338,,,,-,initial,,,,INFO:,,,,,,,
,sem_csmf_metrics.txt,,,192.168.10.16:58072,,,,-,initial,,,,INFO:,,,,,,,
,sem_csmf_metrics.txt,,,192.168.10.16:58074,,,,-,initial,,,,INFO:,,,,,,,
,sem_csmf_metrics.txt,,,10.233.75.28:33136,,,,-,initial,,,,INFO:,,,,,,,
,sem_csmf_metrics.txt,,,192.168.10.16:58078,,,,-,initial,,,,INFO:,,,,,,,
,sem_csmf_metrics.txt,,,10.233.75.28:33146,,,,-,initial,,,,INFO:,,,,,,,
,sem_csmf_metrics.txt,,,192.168.10.16:42056,,,,-,initial,,,,INFO:,,,,,,,
,sem_csmf_metrics.txt,,,192.168.10.16:42040,,,,-,initial,,,,INFO:,,,,,,,
,sem_csmf_metrics.txt,,,10.233.75.28:60328,,,,-,initial,,,,INFO:,,,,,,,
,sem_csmf_metrics.txt,,,192.168.10.16:42060,,,,-,initial,,,,INFO:,,,,,,,
,sem_csmf_metrics.txt,,,10.233.75.28:60330,,,,-,initial,,,,INFO:,,,,,,,
,sem_csmf_metrics.txt,,,192.168.10.16:50004,,,,-,initial,,,,INFO:,,,,,,,
,sem_csmf_metrics.txt,,,192.168.10.16:50006,,,,-,initial,,,,INFO:,,,,,,,
,sem_csmf_metrics.txt,,,10.233.75.28:54408,,,,-,initial,,,,INFO:,,,,,,,
,sem_csmf_metrics.txt,,,192.168.10.16:50030,,,,-,initial,,,,INFO:,,,,,,,
,sem_csmf_metrics.txt,,,10.233.75.28:54410,,,,-,initial,,,,INFO:,,,,,,,
,sem_csmf_metrics.txt,,,192.168.10.16:52974,,,,-,initial,,,,INFO:,,,,,,,
,sem_csmf_metrics.txt,,,192.168.10.16:52970,,,,-,initial,,,,INFO:,,,,,,,
,sem_csmf_metrics.txt,,,10.233.75.28:41740,,,,-,initial,,,,INFO:,,,,,,,
,sem_csmf_metrics.txt,,,192.168.10.16:52980,,,,-,initial,,,,INFO:,,,,,,,
,sem_csmf_metrics.txt,,,10.233.75.28:41752,,,,-,initial,,,,INFO:,,,,,,,
,sem_csmf_metrics.txt,,,192.168.10.16:42092,,,,-,initial,,,,INFO:,,,,,,,
,sem_csmf_metrics.txt,,,192.168.10.16:42102,,,,-,initial,,,,INFO:,,,,,,,
,sem_csmf_metrics.txt,,,10.233.75.28:39566,,,,-,initial,,,,INFO:,,,,,,,
,sem_csmf_metrics.txt,,,192.168.10.16:42108,,,,-,initial,,,,INFO:,,,,,,,
,sem_csmf_metrics.txt,,,10.233.75.28:39574,,,,-,initial,,,,INFO:,,,,,,,
,sem_csmf_metrics.txt,,,192.168.10.16:37558,,,,-,initial,,,,INFO:,,,,,,,
,sem_csmf_metrics.txt,,,192.168.10.16:37574,,,,-,initial,,,,INFO:,,,,,,,
,sem_csmf_metrics.txt,,,10.233.75.28:33434,,,,-,initial,,,,INFO:,,,,,,,
,sem_csmf_metrics.txt,,,192.168.10.16:37582,,,,-,initial,,,,INFO:,,,,,,,
,sem_csmf_metrics.txt,,,10.233.75.28:33436,,,,-,initial,,,,INFO:,,,,,,,
,sem_csmf_metrics.txt,,,192.168.10.16:56020,,,,-,initial,,,,INFO:,,,,,,,
,sem_csmf_metrics.txt,,,192.168.10.16:56022,,,,-,initial,,,,INFO:,,,,,,,
,sem_csmf_metrics.txt,,,10.233.75.28:44340,,,,-,initial,,,,INFO:,,,,,,,
,sem_csmf_metrics.txt,,,192.168.10.16:56036,,,,-,initial,,,,INFO:,,,,,,,
,sem_csmf_metrics.txt,,,10.233.75.28:44342,,,,-,initial,,,,INFO:,,,,,,,
,sem_csmf_metrics.txt,,,192.168.10.16:42884,,,,-,initial,,,,INFO:,,,,,,,
,sem_csmf_metrics.txt,,,192.168.10.16:42892,,,,-,initial,,,,INFO:,,,,,,,
,sem_csmf_metrics.txt,,,10.233.75.28:47126,,,,-,initial,,,,INFO:,,,,,,,
,sem_csmf_metrics.txt,,,192.168.10.16:42896,,,,-,initial,,,,INFO:,,,,,,,
,sem_csmf_metrics.txt,,,10.233.75.28:47142,,,,-,initial,,,,INFO:,,,,,,,
,sem_csmf_metrics.txt,,,192.168.10.16:56740,,,,-,initial,,,,INFO:,,,,,,,
,sem_csmf_metrics.txt,,,192.168.10.16:56756,,,,-,initial,,,,INFO:,,,,,,,
,sem_csmf_metrics.txt,,,10.233.75.28:40904,,,,-,initial,,,,INFO:,,,,,,,
,sem_csmf_metrics.txt,,,192.168.10.16:56760,,,,-,initial,,,,INFO:,,,,,,,
,sem_csmf_metrics.txt,,,10.233.75.28:40916,,,,-,initial,,,,INFO:,,,,,,,
,sem_csmf_metrics.txt,,,192.168.10.16:56282,,,,-,initial,,,,INFO:,,,,,,,
,sem_csmf_metrics.txt,,,192.168.10.16:56284,,,,-,initial,,,,INFO:,,,,,,,
,sem_csmf_metrics.txt,,,10.233.75.28:56856,,,,-,initial,,,,INFO:,,,,,,,
,sem_csmf_metrics.txt,,,192.168.10.16:56296,,,,-,initial,,,,INFO:,,,,,,,
,sem_csmf_metrics.txt,,,10.233.75.28:56868,,,,-,initial,,,,INFO:,,,,,,,
,sem_csmf_metrics.txt,,,192.168.10.16:40290,,,,-,initial,,,,INFO:,,,,,,,
,sem_csmf_metrics.txt,,,192.168.10.16:40282,,,,-,initial,,,,INFO:,,,,,,,
,sem_csmf_metrics.txt,,,10.233.75.28:59702,,,,-,initial,,,,INFO:,,,,,,,
,sem_csmf_metrics.txt,,,192.168.10.16:40304,,,,-,initial,,,,INFO:,,,,,,,
,sem_csmf_metrics.txt,,,10.233.75.28:59706,,,,-,initial,,,,INFO:,,,,,,,
,sem_csmf_metrics.txt,,,192.168.10.16:59830,,,,-,initial,,,,INFO:,,,,,,,
,sem_csmf_metrics.txt,,,192.168.10.16:59836,,,,-,initial,,,,INFO:,,,,,,,
,sem_csmf_metrics.txt,,,10.233.75.28:60070,,,,-,initial,,,,INFO:,,,,,,,
,sem_csmf_metrics.txt,,,192.168.10.16:59848,,,,-,initial,,,,INFO:,,,,,,,
,sem_csmf_metrics.txt,,,10.233.75.28:60080,,,,-,initial,,,,INFO:,,,,,,,
,sem_csmf_metrics.txt,,,192.168.10.16:52198,,,,-,initial,,,,INFO:,,,,,,,
,sem_csmf_metrics.txt,,,192.168.10.16:52196,,,,-,initial,,,,INFO:,,,,,,,
,sem_csmf_metrics.txt,,,10.233.75.28:46072,,,,-,initial,,,,INFO:,,,,,,,
,sem_csmf_metrics.txt,,,192.168.10.16:52200,,,,-,initial,,,,INFO:,,,,,,,
,sem_csmf_metrics.txt,,,10.233.75.28:46082,,,,-,initial,,,,INFO:,,,,,,,
,sem_csmf_metrics.txt,,,192.168.10.16:47498,,,,-,initial,,,,INFO:,,,,,,,
,sem_csmf_metrics.txt,,,192.168.10.16:47496,,,,-,initial,,,,INFO:,,,,,,,
,sem_csmf_metrics.txt,,,10.233.75.28:59086,,,,-,initial,,,,INFO:,,,,,,,
,sem_csmf_metrics.txt,,,192.168.10.16:47510,,,,-,initial,,,,INFO:,,,,,,,
,sem_csmf_metrics.txt,,,10.233.75.28:59092,,,,-,initial,,,,INFO:,,,,,,,
,sem_csmf_metrics.txt,,,192.168.10.16:54976,,,,-,initial,,,,INFO:,,,,,,,
,sem_csmf_metrics.txt,,,192.168.10.16:54980,,,,-,initial,,,,INFO:,,,,,,,
,sem_csmf_metrics.txt,,,10.233.75.28:48814,,,,-,initial,,,,INFO:,,,,,,,
,sem_csmf_metrics.txt,,,192.168.10.16:54986,,,,-,initial,,,,INFO:,,,,,,,
,sem_csmf_metrics.txt,,,10.233.75.28:48824,,,,-,initial,,,,INFO:,,,,,,,
,sem_csmf_metrics.txt,,,192.168.10.16:54464,,,,-,initial,,,,INFO:,,,,,,,
,sem_csmf_metrics.txt,,,192.168.10.16:54480,,,,-,initial,,,,INFO:,,,,,,,
,sem_csmf_metrics.txt,,,10.233.75.28:36514,,,,-,initial,,,,INFO:,,,,,,,
,sem_csmf_metrics.txt,,,192.168.10.16:54494,,,,-,initial,,,,INFO:,,,,,,,
,sem_csmf_metrics.txt,,,10.233.75.28:36526,,,,-,initial,,,,INFO:,,,,,,,
,sem_csmf_metrics.txt,,,192.168.10.16:39822,,,,-,initial,,,,INFO:,,,,,,,
,sem_csmf_metrics.txt,,,192.168.10.16:39834,,,,-,initial,,,,INFO:,,,,,,,
,sem_csmf_metrics.txt,,,10.233.75.28:49608,,,,-,initial,,,,INFO:,,,,,,,
,sem_csmf_metrics.txt,,,192.168.10.16:39846,,,,-,initial,,,,INFO:,,,,,,,
,sem_csmf_metrics.txt,,,10.233.75.28:49620,,,,-,initial,,,,INFO:,,,,,,,
,sem_csmf_metrics.txt,,,192.168.10.16:49408,,,,-,initial,,,,INFO:,,,,,,,
,sem_csmf_metrics.txt,,,192.168.10.16:49412,,,,-,initial,,,,INFO:,,,,,,,
,sem_csmf_metrics.txt,,,10.233.75.28:40060,,,,-,initial,,,,INFO:,,,,,,,
,sem_csmf_metrics.txt,,,192.168.10.16:49414,,,,-,initial,,,,INFO:,,,,,,,
,sem_csmf_metrics.txt,,,10.233.75.28:40066,,,,-,initial,,,,INFO:,,,,,,,
,sem_csmf_metrics.txt,,,192.168.10.16:60664,,,,-,initial,,,,INFO:,,,,,,,
,sem_csmf_metrics.txt,,,192.168.10.16:60680,,,,-,initial,,,,INFO:,,,,,,,
,sem_csmf_metrics.txt,,,10.233.75.28:59242,,,,-,initial,,,,INFO:,,,,,,,
,sem_csmf_metrics.txt,,,192.168.10.16:60686,,,,-,initial,,,,INFO:,,,,,,,
,sem_csmf_metrics.txt,,,10.233.75.28:59254,,,,-,initial,,,,INFO:,,,,,,,
,sem_csmf_metrics.txt,,,192.168.10.16:60810,,,,-,initial,,,,INFO:,,,,,,,
,sem_csmf_metrics.txt,,,192.168.10.16:60816,,,,-,initial,,,,INFO:,,,,,,,
,sem_csmf_metrics.txt,,,10.233.75.28:35860,,,,-,initial,,,,INFO:,,,,,,,
,sem_csmf_metrics.txt,,,192.168.10.16:60820,,,,-,initial,,,,INFO:,,,,,,,
,sem_csmf_metrics.txt,,,10.233.75.28:35874,,,,-,initial,,,,INFO:,,,,,,,
,sem_csmf_metrics.txt,,,192.168.10.16:33462,,,,-,initial,,,,INFO:,,,,,,,
,sem_csmf_metrics.txt,,,192.168.10.16:33466,,,,-,initial,,,,INFO:,,,,,,,
,sem_csmf_metrics.txt,,,10.233.75.28:45986,,,,-,initial,,,,INFO:,,,,,,,
,sem_csmf_metrics.txt,,,192.168.10.16:33474,,,,-,initial,,,,INFO:,,,,,,,
,sem_csmf_metrics.txt,,,10.233.75.28:45998,,,,-,initial,,,,INFO:,,,,,,,
,sem_csmf_metrics.txt,,,192.168.10.16:41870,,,,-,initial,,,,INFO:,,,,,,,
,sem_csmf_metrics.txt,,,192.168.10.16:41872,,,,-,initial,,,,INFO:,,,,,,,
,sem_csmf_metrics.txt,,,10.233.75.28:43810,,,,-,initial,,,,INFO:,,,,,,,
,sem_csmf_metrics.txt,,,192.168.10.16:41878,,,,-,initial,,,,INFO:,,,,,,,
,sem_csmf_metrics.txt,,,10.233.75.28:43826,,,,-,initial,,,,INFO:,,,,,,,
,sem_csmf_metrics.txt,,,192.168.10.16:49214,,,,-,initial,,,,INFO:,,,,,,,
,sem_csmf_metrics.txt,,,192.168.10.16:49222,,,,-,initial,,,,INFO:,,,,,,,
,sem_csmf_metrics.txt,,,10.233.75.28:38664,,,,-,initial,,,,INFO:,,,,,,,
,sem_csmf_metrics.txt,,,192.168.10.16:49236,,,,-,initial,,,,INFO:,,,,,,,
,sem_csmf_metrics.txt,,,10.233.75.28:38666,,,,-,initial,,,,INFO:,,,,,,,
,sem_csmf_metrics.txt,,,192.168.10.16:37154,,,,-,initial,,,,INFO:,,,,,,,
,sem_csmf_metrics.txt,,,192.168.10.16:37166,,,,-,initial,,,,INFO:,,,,,,,
,sem_csmf_metrics.txt,,,10.233.75.28:58476,,,,-,initial,,,,INFO:,,,,,,,
,sem_csmf_metrics.txt,,,192.168.10.16:37180,,,,-,initial,,,,INFO:,,,,,,,
,sem_csmf_metrics.txt,,,10.233.75.28:58484,,,,-,initial,,,,INFO:,,,,,,,
,sem_csmf_metrics.txt,,,192.168.10.16:37216,,,,-,initial,,,,INFO:,,,,,,,
,sem_csmf_metrics.txt,,,192.168.10.16:37226,,,,-,initial,,,,INFO:,,,,,,,
,sem_csmf_metrics.txt,,,10.233.75.28:54572,,,,-,initial,,,,INFO:,,,,,,,
,sem_csmf_metrics.txt,,,192.168.10.16:37230,,,,-,initial,,,,INFO:,,,,,,,
,sem_csmf_metrics.txt,,,10.233.75.28:54584,,,,-,initial,,,,INFO:,,,,,,,
,sem_csmf_metrics.txt,,,192.168.10.16:55048,,,,-,initial,,,,INFO:,,,,,,,
,sem_csmf_metrics.txt,,,192.168.10.16:55062,,,,-,initial,,,,INFO:,,,,,,,
,sem_csmf_metrics.txt,,,10.233.75.28:33322,,,,-,initial,,,,INFO:,,,,,,,
,sem_csmf_metrics.txt,,,192.168.10.16:55070,,,,-,initial,,,,INFO:,,,,,,,
,sem_csmf_metrics.txt,,,10.233.75.28:33336,,,,-,initial,,,,INFO:,,,,,,,
,sem_csmf_metrics.txt,,,192.168.10.16:58546,,,,-,initial,,,,INFO:,,,,,,,
,sem_csmf_metrics.txt,,,192.168.10.16:58556,,,,-,initial,,,,INFO:,,,,,,,
,sem_csmf_metrics.txt,,,10.233.75.28:39602,,,,-,initial,,,,INFO:,,,,,,,
,sem_csmf_metrics.txt,,,192.168.10.16:58568,,,,-,initial,,,,INFO:,,,,,,,
,sem_csmf_metrics.txt,,,10.233.75.28:39612,,,,-,initial,,,,INFO:,,,,,,,
,sem_csmf_metrics.txt,,,192.168.10.16:39140,,,,-,initial,,,,INFO:,,,,,,,
,sem_csmf_metrics.txt,,,192.168.10.16:39148,,,,-,initial,,,,INFO:,,,,,,,
,sem_csmf_metrics.txt,,,10.233.75.28:43732,,,,-,initial,,,,INFO:,,,,,,,
,sem_csmf_metrics.txt,,,192.168.10.16:39150,,,,-,initial,,,,INFO:,,,,,,,
,sem_csmf_metrics.txt,,,10.233.75.28:43738,,,,-,initial,,,,INFO:,,,,,,,
,sem_csmf_metrics.txt,,,192.168.10.16:55796,,,,-,initial,,,,INFO:,,,,,,,
,sem_csmf_metrics.txt,,,192.168.10.16:55808,,,,-,initial,,,,INFO:,,,,,,,
,sem_csmf_metrics.txt,,,10.233.75.28:39280,,,,-,initial,,,,INFO:,,,,,,,
,sem_csmf_metrics.txt,,,192.168.10.16:55820,,,,-,initial,,,,INFO:,,,,,,,
,sem_csmf_metrics.txt,,,10.233.75.28:39282,,,,-,initial,,,,INFO:,,,,,,,
,sem_csmf_metrics.txt,,,192.168.10.16:43846,,,,-,initial,,,,INFO:,,,,,,,
,sem_csmf_metrics.txt,,,192.168.10.16:43854,,,,-,initial,,,,INFO:,,,,,,,
,sem_csmf_metrics.txt,,,10.233.75.28:42078,,,,-,initial,,,,INFO:,,,,,,,
,sem_csmf_metrics.txt,,,192.168.10.16:43856,,,,-,initial,,,,INFO:,,,,,,,
,sem_csmf_metrics.txt,,,10.233.75.28:42090,,,,-,initial,,,,INFO:,,,,,,,
,sem_csmf_metrics.txt,,,192.168.10.16:46406,,,,-,initial,,,,INFO:,,,,,,,
,sem_csmf_metrics.txt,,,192.168.10.16:46420,,,,-,initial,,,,INFO:,,,,,,,
,sem_csmf_metrics.txt,,,10.233.75.28:41848,,,,-,initial,,,,INFO:,,,,,,,
,sem_csmf_metrics.txt,,,192.168.10.16:46422,,,,-,initial,,,,INFO:,,,,,,,
,sem_csmf_metrics.txt,,,10.233.75.28:41852,,,,-,initial,,,,INFO:,,,,,,,
,sem_csmf_metrics.txt,,,192.168.10.16:38396,,,,-,initial,,,,INFO:,,,,,,,
,sem_csmf_metrics.txt,,,192.168.10.16:38410,,,,-,initial,,,,INFO:,,,,,,,
,sem_csmf_metrics.txt,,,10.233.75.28:45134,,,,-,initial,,,,INFO:,,,,,,,
,sem_csmf_metrics.txt,,,192.168.10.16:38424,,,,-,initial,,,,INFO:,,,,,,,
,sem_csmf_metrics.txt,,,10.233.75.28:45144,,,,-,initial,,,,INFO:,,,,,,,
,sem_csmf_metrics.txt,,,192.168.10.16:55128,,,,-,initial,,,,INFO:,,,,,,,
,sem_csmf_metrics.txt,,,192.168.10.16:55134,,,,-,initial,,,,INFO:,,,,,,,
,sem_csmf_metrics.txt,,,10.233.75.28:34788,,,,-,initial,,,,INFO:,,,,,,,
,sem_csmf_metrics.txt,,,192.168.10.16:55136,,,,-,initial,,,,INFO:,,,,,,,
,sem_csmf_metrics.txt,,,10.233.75.28:34796,,,,-,initial,,,,INFO:,,,,,,,
,sem_csmf_metrics.txt,,,192.168.10.16:44656,,,,-,initial,,,,INFO:,,,,,,,
,sem_csmf_metrics.txt,,,192.168.10.16:44662,,,,-,initial,,,,INFO:,,,,,,,
,sem_csmf_metrics.txt,,,10.233.75.28:47596,,,,-,initial,,,,INFO:,,,,,,,
,sem_csmf_metrics.txt,,,192.168.10.16:44678,,,,-,initial,,,,INFO:,,,,,,,
,sem_csmf_metrics.txt,,,10.233.75.28:47600,,,,-,initial,,,,INFO:,,,,,,,
,sem_csmf_metrics.txt,,,192.168.10.16:49396,,,,-,initial,,,,INFO:,,,,,,,
,sem_csmf_metrics.txt,,,192.168.10.16:49394,,,,-,initial,,,,INFO:,,,,,,,
,sem_csmf_metrics.txt,,,10.233.75.28:47688,,,,-,initial,,,,INFO:,,,,,,,
,sem_csmf_metrics.txt,,,192.168.10.16:49400,,,,-,initial,,,,INFO:,,,,,,,
,sem_csmf_metrics.txt,,,10.233.75.28:47700,,,,-,initial,,,,INFO:,,,,,,,
,sem_csmf_metrics.txt,,,192.168.10.16:33762,,,,-,initial,,,,INFO:,,,,,,,
,sem_csmf_metrics.txt,,,192.168.10.16:33766,,,,-,initial,,,,INFO:,,,,,,,
,sem_csmf_metrics.txt,,,10.233.75.28:45438,,,,-,initial,,,,INFO:,,,,,,,
,sem_csmf_metrics.txt,,,192.168.10.16:33778,,,,-,initial,,,,INFO:,,,,,,,
,sem_csmf_metrics.txt,,,10.233.75.28:45448,,,,-,initial,,,,INFO:,,,,,,,
,sem_csmf_metrics.txt,,,192.168.10.16:34088,,,,-,initial,,,,INFO:,,,,,,,
,sem_csmf_metrics.txt,,,192.168.10.16:34092,,,,-,initial,,,,INFO:,,,,,,,
,sem_csmf_metrics.txt,,,10.233.75.28:51016,,,,-,initial,,,,INFO:,,,,,,,
,sem_csmf_metrics.txt,,,192.168.10.16:34096,,,,-,initial,,,,INFO:,,,,,,,
,sem_csmf_metrics.txt,,,10.233.75.28:51030,,,,-,initial,,,,INFO:,,,,,,,
,sem_csmf_metrics.txt,,,192.168.10.16:40638,,,,-,initial,,,,INFO:,,,,,,,
,sem_csmf_metrics.txt,,,192.168.10.16:40636,,,,-,initial,,,,INFO:,,,,,,,
,sem_csmf_metrics.txt,,,10.233.75.28:51218,,,,-,initial,,,,INFO:,,,,,,,
,sem_csmf_metrics.txt,,,192.168.10.16:40650,,,,-,initial,,,,INFO:,,,,,,,
,sem_csmf_metrics.txt,,,10.233.75.28:51234,,,,-,initial,,,,INFO:,,,,,,,
,sem_csmf_metrics.txt,,,192.168.10.16:49702,,,,-,initial,,,,INFO:,,,,,,,
,sem_csmf_metrics.txt,,,192.168.10.16:49698,,,,-,initial,,,,INFO:,,,,,,,
,sem_csmf_metrics.txt,,,10.233.75.28:37872,,,,-,initial,,,,INFO:,,,,,,,
,sem_csmf_metrics.txt,,,192.168.10.16:49708,,,,-,initial,,,,INFO:,,,,,,,
,sem_csmf_metrics.txt,,,10.233.75.28:37874,,,,-,initial,,,,INFO:,,,,,,,
,sem_csmf_metrics.txt,,,192.168.10.16:50936,,,,-,initial,,,,INFO:,,,,,,,
,sem_csmf_metrics.txt,,,192.168.10.16:50938,,,,-,initial,,,,INFO:,,,,,,,
,sem_csmf_metrics.txt,,,10.233.75.28:53154,,,,-,initial,,,,INFO:,,,,,,,
,sem_csmf_metrics.txt,,,192.168.10.16:50954,,,,-,initial,,,,INFO:,,,,,,,
,sem_csmf_metrics.txt,,,10.233.75.28:53164,,,,-,initial,,,,INFO:,,,,,,,
,sem_csmf_metrics.txt,,,192.168.10.16:45110,,,,-,initial,,,,INFO:,,,,,,,
,sem_csmf_metrics.txt,,,192.168.10.16:45116,,,,-,initial,,,,INFO:,,,,,,,
,sem_csmf_metrics.txt,,,10.233.75.28:52038,,,,-,initial,,,,INFO:,,,,,,,
,sem_csmf_metrics.txt,,,192.168.10.16:45124,,,,-,initial,,,,INFO:,,,,,,,
,sem_csmf_metrics.txt,,,10.233.75.28:52046,,,,-,initial,,,,INFO:,,,,,,,
,sem_csmf_metrics.txt,,,192.168.10.16:41746,,,,-,initial,,,,INFO:,,,,,,,
,sem_csmf_metrics.txt,,,192.168.10.16:41752,,,,-,initial,,,,INFO:,,,,,,,
,sem_csmf_metrics.txt,,,10.233.75.28:40474,,,,-,initial,,,,INFO:,,,,,,,
,sem_csmf_metrics.txt,,,192.168.10.16:41764,,,,-,initial,,,,INFO:,,,,,,,
,sem_csmf_metrics.txt,,,10.233.75.28:40486,,,,-,initial,,,,INFO:,,,,,,,
,sem_csmf_metrics.txt,,,192.168.10.16:48390,,,,-,initial,,,,INFO:,,,,,,,
,sem_csmf_metrics.txt,,,192.168.10.16:48402,,,,-,initial,,,,INFO:,,,,,,,
,sem_csmf_metrics.txt,,,10.233.75.28:44408,,,,-,initial,,,,INFO:,,,,,,,
,sem_csmf_metrics.txt,,,192.168.10.16:48414,,,,-,initial,,,,INFO:,,,,,,,
,sem_csmf_metrics.txt,,,10.233.75.28:44418,,,,-,initial,,,,INFO:,,,,,,,
,sem_csmf_metrics.txt,,,192.168.10.16:46106,,,,-,initial,,,,INFO:,,,,,,,
,sem_csmf_metrics.txt,,,192.168.10.16:46114,,,,-,initial,,,,INFO:,,,,,,,
,sem_csmf_metrics.txt,,,10.233.75.28:58772,,,,-,initial,,,,INFO:,,,,,,,
,sem_csmf_metrics.txt,,,192.168.10.16:46120,,,,-,initial,,,,INFO:,,,,,,,
,sem_csmf_metrics.txt,,,10.233.75.28:58786,,,,-,initial,,,,INFO:,,,,,,,
,sem_csmf_metrics.txt,,,192.168.10.16:34938,,,,-,initial,,,,INFO:,,,,,,,
,sem_csmf_metrics.txt,,,192.168.10.16:34944,,,,-,initial,,,,INFO:,,,,,,,
,sem_csmf_metrics.txt,,,10.233.75.28:52954,,,,-,initial,,,,INFO:,,,,,,,
,sem_csmf_metrics.txt,,,192.168.10.16:34958,,,,-,initial,,,,INFO:,,,,,,,
,sem_csmf_metrics.txt,,,10.233.75.28:52956,,,,-,initial,,,,INFO:,,,,,,,
,sem_csmf_metrics.txt,,,192.168.10.16:55096,,,,-,initial,,,,INFO:,,,,,,,
,sem_csmf_metrics.txt,,,192.168.10.16:55094,,,,-,initial,,,,INFO:,,,,,,,
,sem_csmf_metrics.txt,,,10.233.75.28:53994,,,,-,initial,,,,INFO:,,,,,,,
,sem_csmf_metrics.txt,,,192.168.10.16:55120,,,,-,initial,,,,INFO:,,,,,,,
,sem_csmf_metrics.txt,,,10.233.75.28:53998,,,,-,initial,,,,INFO:,,,,,,,
,sem_csmf_metrics.txt,,,192.168.10.16:45514,,,,-,initial,,,,INFO:,,,,,,,
,sem_csmf_metrics.txt,,,192.168.10.16:45512,,,,-,initial,,,,INFO:,,,,,,,
,sem_csmf_metrics.txt,,,10.233.75.28:50902,,,,-,initial,,,,INFO:,,,,,,,
,sem_csmf_metrics.txt,,,192.168.10.16:45536,,,,-,initial,,,,INFO:,,,,,,,
,sem_csmf_metrics.txt,,,10.233.75.28:50908,,,,-,initial,,,,INFO:,,,,,,,
,sem_csmf_metrics.txt,,,192.168.10.16:36296,,,,-,initial,,,,INFO:,,,,,,,
,sem_csmf_metrics.txt,,,192.168.10.16:36298,,,,-,initial,,,,INFO:,,,,,,,
,sem_csmf_metrics.txt,,,10.233.75.28:35736,,,,-,initial,,,,INFO:,,,,,,,
,sem_csmf_metrics.txt,,,192.168.10.16:36306,,,,-,initial,,,,INFO:,,,,,,,
,sem_csmf_metrics.txt,,,10.233.75.28:35752,,,,-,initial,,,,INFO:,,,,,,,
,sem_csmf_metrics.txt,,,192.168.10.16:60670,,,,-,initial,,,,INFO:,,,,,,,
,sem_csmf_metrics.txt,,,192.168.10.16:60672,,,,-,initial,,,,INFO:,,,,,,,
,sem_csmf_metrics.txt,,,10.233.75.28:36664,,,,-,initial,,,,INFO:,,,,,,,
,sem_csmf_metrics.txt,,,192.168.10.16:60678,,,,-,initial,,,,INFO:,,,,,,,
,sem_csmf_metrics.txt,,,10.233.75.28:36676,,,,-,initial,,,,INFO:,,,,,,,
,sem_csmf_metrics.txt,,,192.168.10.16:51444,,,,-,initial,,,,INFO:,,,,,,,
,sem_csmf_metrics.txt,,,192.168.10.16:51454,,,,-,initial,,,,INFO:,,,,,,,
,sem_csmf_metrics.txt,,,10.233.75.28:37894,,,,-,initial,,,,INFO:,,,,,,,
,sem_csmf_metrics.txt,,,192.168.10.16:51466,,,,-,initial,,,,INFO:,,,,,,,
,sem_csmf_metrics.txt,,,10.233.75.28:37910,,,,-,initial,,,,INFO:,,,,,,,
,sem_csmf_metrics.txt,,,192.168.10.16:38794,,,,-,initial,,,,INFO:,,,,,,,
,sem_csmf_metrics.txt,,,192.168.10.16:38796,,,,-,initial,,,,INFO:,,,,,,,
,sem_csmf_metrics.txt,,,10.233.75.28:40156,,,,-,initial,,,,INFO:,,,,,,,
,sem_csmf_metrics.txt,,,192.168.10.16:38800,,,,-,initial,,,,INFO:,,,,,,,
,sem_csmf_metrics.txt,,,10.233.75.28:40168,,,,-,initial,,,,INFO:,,,,,,,
,sem_csmf_metrics.txt,,,192.168.10.16:45804,,,,-,initial,,,,INFO:,,,,,,,
,sem_csmf_metrics.txt,,,192.168.10.16:45814,,,,-,initial,,,,INFO:,,,,,,,
,sem_csmf_metrics.txt,,,10.233.75.28:41800,,,,-,initial,,,,INFO:,,,,,,,
,sem_csmf_metrics.txt,,,192.168.10.16:45826,,,,-,initial,,,,INFO:,,,,,,,
,sem_csmf_metrics.txt,,,10.233.75.28:41802,,,,-,initial,,,,INFO:,,,,,,,
,sem_csmf_metrics.txt,,,192.168.10.16:52764,,,,-,initial,,,,INFO:,,,,,,,
,sem_csmf_metrics.txt,,,192.168.10.16:52776,,,,-,initial,,,,INFO:,,,,,,,
,sem_csmf_metrics.txt,,,10.233.75.28:34214,,,,-,initial,,,,INFO:,,,,,,,
,sem_csmf_metrics.txt,,,192.168.10.16:52792,,,,-,initial,,,,INFO:,,,,,,,
,sem_csmf_metrics.txt,,,10.233.75.28:34218,,,,-,initial,,,,INFO:,,,,,,,
,sem_csmf_metrics.txt,,,192.168.10.16:41018,,,,-,initial,,,,INFO:,,,,,,,
,sem_csmf_metrics.txt,,,192.168.10.16:41010,,,,-,initial,,,,INFO:,,,,,,,
,sem_csmf_metrics.txt,,,10.233.75.28:51532,,,,-,initial,,,,INFO:,,,,,,,
,sem_csmf_metrics.txt,,,192.168.10.16:41028,,,,-,initial,,,,INFO:,,,,,,,
,sem_csmf_metrics.txt,,,10.233.75.28:51534,,,,-,initial,,,,INFO:,,,,,,,
,sem_csmf_metrics.txt,,,192.168.10.16:60502,,,,-,initial,,,,INFO:,,,,,,,
,sem_csmf_metrics.txt,,,192.168.10.16:60488,,,,-,initial,,,,INFO:,,,,,,,
,sem_csmf_metrics.txt,,,10.233.75.28:60134,,,,-,initial,,,,INFO:,,,,,,,
,sem_csmf_metrics.txt,,,192.168.10.16:60516,,,,-,initial,,,,INFO:,,,,,,,
,sem_csmf_metrics.txt,,,10.233.75.28:60142,,,,-,initial,,,,INFO:,,,,,,,
,sem_csmf_metrics.txt,,,192.168.10.16:41340,,,,-,initial,,,,INFO:,,,,,,,
,sem_csmf_metrics.txt,,,192.168.10.16:41338,,,,-,initial,,,,INFO:,,,,,,,
,sem_csmf_metrics.txt,,,10.233.75.28:41162,,,,-,initial,,,,INFO:,,,,,,,
,sem_csmf_metrics.txt,,,192.168.10.16:41362,,,,-,initial,,,,INFO:,,,,,,,
,sem_csmf_metrics.txt,,,10.233.75.28:41176,,,,-,initial,,,,INFO:,,,,,,,
,sem_csmf_metrics.txt,,,192.168.10.16:54754,,,,-,initial,,,,INFO:,,,,,,,
,sem_csmf_metrics.txt,,,192.168.10.16:54740,,,,-,initial,,,,INFO:,,,,,,,
,sem_csmf_metrics.txt,,,10.233.75.28:33482,,,,-,initial,,,,INFO:,,,,,,,
,sem_csmf_metrics.txt,,,192.168.10.16:54768,,,,-,initial,,,,INFO:,,,,,,,
,sem_csmf_metrics.txt,,,10.233.75.28:33486,,,,-,initial,,,,INFO:,,,,,,,
,sem_csmf_metrics.txt,,,192.168.10.16:58858,,,,-,initial,,,,INFO:,,,,,,,
,sem_csmf_metrics.txt,,,192.168.10.16:58862,,,,-,initial,,,,INFO:,,,,,,,
,sem_csmf_metrics.txt,,,10.233.75.28:59920,,,,-,initial,,,,INFO:,,,,,,,
,sem_csmf_metrics.txt,,,192.168.10.16:58864,,,,-,initial,,,,INFO:,,,,,,,
,sem_csmf_metrics.txt,,,10.233.75.28:59926,,,,-,initial,,,,INFO:,,,,,,,
,sem_csmf_metrics.txt,,,192.168.10.16:56532,,,,-,initial,,,,INFO:,,,,,,,
,sem_csmf_metrics.txt,,,192.168.10.16:56540,,,,-,initial,,,,INFO:,,,,,,,
,sem_csmf_metrics.txt,,,10.233.75.28:57902,,,,-,initial,,,,INFO:,,,,,,,
,sem_csmf_metrics.txt,,,192.168.10.16:56542,,,,-,initial,,,,INFO:,,,,,,,
,sem_csmf_metrics.txt,,,10.233.75.28:57914,,,,-,initial,,,,INFO:,,,,,,,
,sem_csmf_metrics.txt,,,192.168.10.16:56564,,,,-,initial,,,,INFO:,,,,,,,
,sem_csmf_metrics.txt,,,192.168.10.16:56562,,,,-,initial,,,,INFO:,,,,,,,
,sem_csmf_metrics.txt,,,10.233.75.28:52832,,,,-,initial,,,,INFO:,,,,,,,
,sem_csmf_metrics.txt,,,192.168.10.16:56572,,,,-,initial,,,,INFO:,,,,,,,
,sem_csmf_metrics.txt,,,10.233.75.28:52840,,,,-,initial,,,,INFO:,,,,,,,
,sem_csmf_metrics.txt,,,192.168.10.16:54342,,,,-,initial,,,,INFO:,,,,,,,
,sem_csmf_metrics.txt,,,192.168.10.16:54344,,,,-,initial,,,,INFO:,,,,,,,
,sem_csmf_metrics.txt,,,10.233.75.28:36834,,,,-,initial,,,,INFO:,,,,,,,
,sem_csmf_metrics.txt,,,192.168.10.16:54354,,,,-,initial,,,,INFO:,,,,,,,
,sem_csmf_metrics.txt,,,10.233.75.28:36836,,,,-,initial,,,,INFO:,,,,,,,
,sem_csmf_metrics.txt,,,192.168.10.16:36928,,,,-,initial,,,,INFO:,,,,,,,
,sem_csmf_metrics.txt,,,192.168.10.16:36920,,,,-,initial,,,,INFO:,,,,,,,
,sem_csmf_metrics.txt,,,10.233.75.28:52002,,,,-,initial,,,,INFO:,,,,,,,
,sem_csmf_metrics.txt,,,192.168.10.16:36930,,,,-,initial,,,,INFO:,,,,,,,
,sem_csmf_metrics.txt,,,10.233.75.28:52006,,,,-,initial,,,,INFO:,,,,,,,
,sem_csmf_metrics.txt,,,192.168.10.16:44742,,,,-,initial,,,,INFO:,,,,,,,
,sem_csmf_metrics.txt,,,192.168.10.16:44744,,,,-,initial,,,,INFO:,,,,,,,
,sem_csmf_metrics.txt,,,10.233.75.28:58886,,,,-,initial,,,,INFO:,,,,,,,
,sem_csmf_metrics.txt,,,192.168.10.16:44758,,,,-,initial,,,,INFO:,,,,,,,
,sem_csmf_metrics.txt,,,10.233.75.28:58892,,,,-,initial,,,,INFO:,,,,,,,
,sem_csmf_metrics.txt,,,192.168.10.16:48946,,,,-,initial,,,,INFO:,,,,,,,
,sem_csmf_metrics.txt,,,192.168.10.16:48940,,,,-,initial,,,,INFO:,,,,,,,
,sem_csmf_metrics.txt,,,10.233.75.28:34106,,,,-,initial,,,,INFO:,,,,,,,
,sem_csmf_metrics.txt,,,192.168.10.16:48952,,,,-,initial,,,,INFO:,,,,,,,
,sem_csmf_metrics.txt,,,10.233.75.28:34114,,,,-,initial,,,,INFO:,,,,,,,
,sem_csmf_metrics.txt,,,192.168.10.16:56566,,,,-,initial,,,,INFO:,,,,,,,
,sem_csmf_metrics.txt,,,192.168.10.16:56576,,,,-,initial,,,,INFO:,,,,,,,
,sem_csmf_metrics.txt,,,10.233.75.28:37318,,,,-,initial,,,,INFO:,,,,,,,
,sem_csmf_metrics.txt,,,192.168.10.16:56582,,,,-,initial,,,,INFO:,,,,,,,
,sem_csmf_metrics.txt,,,10.233.75.28:37326,,,,-,initial,,,,INFO:,,,,,,,
,sem_csmf_metrics.txt,,,192.168.10.16:50238,,,,-,initial,,,,INFO:,,,,,,,
,sem_csmf_metrics.txt,,,192.168.10.16:50246,,,,-,initial,,,,INFO:,,,,,,,
,sem_csmf_metrics.txt,,,10.233.75.28:49136,,,,-,initial,,,,INFO:,,,,,,,
,sem_csmf_metrics.txt,,,192.168.10.16:50260,,,,-,initial,,,,INFO:,,,,,,,
,sem_csmf_metrics.txt,,,10.233.75.28:49140,,,,-,initial,,,,INFO:,,,,,,,
,sem_csmf_metrics.txt,,,192.168.10.16:39928,,,,-,initial,,,,INFO:,,,,,,,
,sem_csmf_metrics.txt,,,192.168.10.16:39914,,,,-,initial,,,,INFO:,,,,,,,
,sem_csmf_metrics.txt,,,10.233.75.28:44626,,,,-,initial,,,,INFO:,,,,,,,
,sem_csmf_metrics.txt,,,192.168.10.16:39930,,,,-,initial,,,,INFO:,,,,,,,
,sem_csmf_metrics.txt,,,10.233.75.28:44640,,,,-,initial,,,,INFO:,,,,,,,
,sem_csmf_metrics.txt,,,192.168.10.16:44896,,,,-,initial,,,,INFO:,,,,,,,
,sem_csmf_metrics.txt,,,192.168.10.16:44904,,,,-,initial,,,,INFO:,,,,,,,
,sem_csmf_metrics.txt,,,10.233.75.28:37088,,,,-,initial,,,,INFO:,,,,,,,
,sem_csmf_metrics.txt,,,192.168.10.16:44914,,,,-,initial,,,,INFO:,,,,,,,
,sem_csmf_metrics.txt,,,10.233.75.28:37100,,,,-,initial,,,,INFO:,,,,,,,
,sem_csmf_metrics.txt,,,192.168.10.16:36790,,,,-,initial,,,,INFO:,,,,,,,
,sem_csmf_metrics.txt,,,192.168.10.16:36788,,,,-,initial,,,,INFO:,,,,,,,
,sem_csmf_metrics.txt,,,10.233.75.28:38648,,,,-,initial,,,,INFO:,,,,,,,
,sem_csmf_metrics.txt,,,192.168.10.16:36804,,,,-,initial,,,,INFO:,,,,,,,
,sem_csmf_metrics.txt,,,10.233.75.28:38662,,,,-,initial,,,,INFO:,,,,,,,
,sem_csmf_metrics.txt,,,192.168.10.16:56136,,,,-,initial,,,,INFO:,,,,,,,
,sem_csmf_metrics.txt,,,192.168.10.16:56140,,,,-,initial,,,,INFO:,,,,,,,
,sem_csmf_metrics.txt,,,10.233.75.28:44446,,,,-,initial,,,,INFO:,,,,,,,
,sem_csmf_metrics.txt,,,192.168.10.16:56156,,,,-,initial,,,,INFO:,,,,,,,
,sem_csmf_metrics.txt,,,10.233.75.28:44458,,,,-,initial,,,,INFO:,,,,,,,
,sem_csmf_metrics.txt,,,192.168.10.16:34438,,,,-,initial,,,,INFO:,,,,,,,
,sem_csmf_metrics.txt,,,192.168.10.16:34452,,,,-,initial,,,,INFO:,,,,,,,
,sem_csmf_metrics.txt,,,10.233.75.28:44734,,,,-,initial,,,,INFO:,,,,,,,
,sem_csmf_metrics.txt,,,192.168.10.16:34454,,,,-,initial,,,,INFO:,,,,,,,
,sem_csmf_metrics.txt,,,10.233.75.28:44736,,,,-,initial,,,,INFO:,,,,,,,
,sem_csmf_metrics.txt,,,192.168.10.16:41110,,,,-,initial,,,,INFO:,,,,,,,
,sem_csmf_metrics.txt,,,192.168.10.16:41108,,,,-,initial,,,,INFO:,,,,,,,
,sem_csmf_metrics.txt,,,10.233.75.28:41054,,,,-,initial,,,,INFO:,,,,,,,
,sem_csmf_metrics.txt,,,192.168.10.16:41114,,,,-,initial,,,,INFO:,,,,,,,
,sem_csmf_metrics.txt,,,10.233.75.28:41056,,,,-,initial,,,,INFO:,,,,,,,
,sem_csmf_metrics.txt,,,192.168.10.16:55432,,,,-,initial,,,,INFO:,,,,,,,
,sem_csmf_metrics.txt,,,192.168.10.16:55446,,,,-,initial,,,,INFO:,,,,,,,
,sem_csmf_metrics.txt,,,10.233.75.28:36290,,,,-,initial,,,,INFO:,,,,,,,
,sem_csmf_metrics.txt,,,192.168.10.16:55458,,,,-,initial,,,,INFO:,,,,,,,
,sem_csmf_metrics.txt,,,10.233.75.28:36292,,,,-,initial,,,,INFO:,,,,,,,
,sem_csmf_metrics.txt,,,192.168.10.16:60376,,,,-,initial,,,,INFO:,,,,,,,
,sem_csmf_metrics.txt,,,192.168.10.16:60378,,,,-,initial,,,,INFO:,,,,,,,
,sem_csmf_metrics.txt,,,10.233.75.28:48598,,,,-,initial,,,,INFO:,,,,,,,
,sem_csmf_metrics.txt,,,192.168.10.16:60394,,,,-,initial,,,,INFO:,,,,,,,
,sem_csmf_metrics.txt,,,10.233.75.28:48604,,,,-,initial,,,,INFO:,,,,,,,
,sem_csmf_metrics.txt,,,192.168.10.16:35860,,,,-,initial,,,,INFO:,,,,,,,
,sem_csmf_metrics.txt,,,192.168.10.16:35870,,,,-,initial,,,,INFO:,,,,,,,
,sem_csmf_metrics.txt,,,10.233.75.28:55294,,,,-,initial,,,,INFO:,,,,,,,
,sem_csmf_metrics.txt,,,192.168.10.16:35878,,,,-,initial,,,,INFO:,,,,,,,
,sem_csmf_metrics.txt,,,10.233.75.28:55300,,,,-,initial,,,,INFO:,,,,,,,
,sem_csmf_metrics.txt,,,192.168.10.16:39716,,,,-,initial,,,,INFO:,,,,,,,
,sem_csmf_metrics.txt,,,192.168.10.16:39714,,,,-,initial,,,,INFO:,,,,,,,
,sem_csmf_metrics.txt,,,10.233.75.28:43602,,,,-,initial,,,,INFO:,,,,,,,
,sem_csmf_metrics.txt,,,192.168.10.16:39730,,,,-,initial,,,,INFO:,,,,,,,
,sem_csmf_metrics.txt,,,10.233.75.28:43606,,,,-,initial,,,,INFO:,,,,,,,
,sem_csmf_metrics.txt,,,192.168.10.16:54004,,,,-,initial,,,,INFO:,,,,,,,
,sem_csmf_metrics.txt,,,192.168.10.16:54006,,,,-,initial,,,,INFO:,,,,,,,
,sem_csmf_metrics.txt,,,10.233.75.28:41492,,,,-,initial,,,,INFO:,,,,,,,
,sem_csmf_metrics.txt,,,192.168.10.16:54016,,,,-,initial,,,,INFO:,,,,,,,
,sem_csmf_metrics.txt,,,10.233.75.28:41502,,,,-,initial,,,,INFO:,,,,,,,
,sem_csmf_metrics.txt,,,192.168.10.16:50550,,,,-,initial,,,,INFO:,,,,,,,
,sem_csmf_metrics.txt,,,192.168.10.16:50552,,,,-,initial,,,,INFO:,,,,,,,
,sem_csmf_metrics.txt,,,10.233.75.28:47082,,,,-,initial,,,,INFO:,,,,,,,
,sem_csmf_metrics.txt,,,192.168.10.16:50556,,,,-,initial,,,,INFO:,,,,,,,
,sem_csmf_metrics.txt,,,10.233.75.28:47098,,,,-,initial,,,,INFO:,,,,,,,
,sem_csmf_metrics.txt,,,192.168.10.16:41442,,,,-,initial,,,,INFO:,,,,,,,
,sem_csmf_metrics.txt,,,192.168.10.16:41456,,,,-,initial,,,,INFO:,,,,,,,
,sem_csmf_metrics.txt,,,10.233.75.28:55950,,,,-,initial,,,,INFO:,,,,,,,
,sem_csmf_metrics.txt,,,192.168.10.16:41472,,,,-,initial,,,,INFO:,,,,,,,
,sem_csmf_metrics.txt,,,10.233.75.28:55952,,,,-,initial,,,,INFO:,,,,,,,
,sem_csmf_metrics.txt,,,192.168.10.16:40424,,,,-,initial,,,,INFO:,,,,,,,
,sem_csmf_metrics.txt,,,192.168.10.16:40426,,,,-,initial,,,,INFO:,,,,,,,
,sem_csmf_metrics.txt,,,10.233.75.28:44000,,,,-,initial,,,,INFO:,,,,,,,
,sem_csmf_metrics.txt,,,192.168.10.16:40440,,,,-,initial,,,,INFO:,,,,,,,
,sem_csmf_metrics.txt,,,10.233.75.28:44016,,,,-,initial,,,,INFO:,,,,,,,
,sem_csmf_metrics.txt,,,192.168.10.16:49702,,,,-,initial,,,,INFO:,,,,,,,
,sem_csmf_metrics.txt,,,192.168.10.16:49712,,,,-,initial,,,,INFO:,,,,,,,
,sem_csmf_metrics.txt,,,10.233.75.28:59432,,,,-,initial,,,,INFO:,,,,,,,
,sem_csmf_metrics.txt,,,192.168.10.16:49720,,,,-,initial,,,,INFO:,,,,,,,
,sem_csmf_metrics.txt,,,10.233.75.28:59436,,,,-,initial,,,,INFO:,,,,,,,
,sem_csmf_metrics.txt,,,192.168.10.16:50056,,,,-,initial,,,,INFO:,,,,,,,
,sem_csmf_metrics.txt,,,192.168.10.16:50068,,,,-,initial,,,,INFO:,,,,,,,
,sem_csmf_metrics.txt,,,10.233.75.28:52566,,,,-,initial,,,,INFO:,,,,,,,
,sem_csmf_metrics.txt,,,192.168.10.16:50076,,,,-,initial,,,,INFO:,,,,,,,
,sem_csmf_metrics.txt,,,10.233.75.28:52580,,,,-,initial,,,,INFO:,,,,,,,
,sem_csmf_metrics.txt,,,192.168.10.16:57196,,,,-,initial,,,,INFO:,,,,,,,
,sem_csmf_metrics.txt,,,192.168.10.16:57204,,,,-,initial,,,,INFO:,,,,,,,
,sem_csmf_metrics.txt,,,10.233.75.28:46584,,,,-,initial,,,,INFO:,,,,,,,
,sem_csmf_metrics.txt,,,192.168.10.16:57212,,,,-,initial,,,,INFO:,,,,,,,
,sem_csmf_metrics.txt,,,10.233.75.28:46600,,,,-,initial,,,,INFO:,,,,,,,
,sem_csmf_metrics.txt,,,192.168.10.16:45930,,,,-,initial,,,,INFO:,,,,,,,
,sem_csmf_metrics.txt,,,192.168.10.16:45928,,,,-,initial,,,,INFO:,,,,,,,
,sem_csmf_metrics.txt,,,10.233.75.28:45748,,,,-,initial,,,,INFO:,,,,,,,
,sem_csmf_metrics.txt,,,192.168.10.16:45954,,,,-,initial,,,,INFO:,,,,,,,
,sem_csmf_metrics.txt,,,10.233.75.28:45754,,,,-,initial,,,,INFO:,,,,,,,
,sem_csmf_metrics.txt,,,192.168.10.16:46300,,,,-,initial,,,,INFO:,,,,,,,
,sem_csmf_metrics.txt,,,192.168.10.16:46316,,,,-,initial,,,,INFO:,,,,,,,
,sem_csmf_metrics.txt,,,10.233.75.28:53578,,,,-,initial,,,,INFO:,,,,,,,
,sem_csmf_metrics.txt,,,192.168.10.16:46318,,,,-,initial,,,,INFO:,,,,,,,
,sem_csmf_metrics.txt,,,10.233.75.28:53584,,,,-,initial,,,,INFO:,,,,,,,
,sem_csmf_metrics.txt,,,192.168.10.16:53104,,,,-,initial,,,,INFO:,,,,,,,
,sem_csmf_metrics.txt,,,192.168.10.16:53088,,,,-,initial,,,,INFO:,,,,,,,
,sem_csmf_metrics.txt,,,10.233.75.28:45456,,,,-,initial,,,,INFO:,,,,,,,
,sem_csmf_metrics.txt,,,192.168.10.16:53116,,,,-,initial,,,,INFO:,,,,,,,
,sem_csmf_metrics.txt,,,10.233.75.28:45470,,,,-,initial,,,,INFO:,,,,,,,
,sem_csmf_metrics.txt,,,192.168.10.16:43692,,,,-,initial,,,,INFO:,,,,,,,
,sem_csmf_metrics.txt,,,192.168.10.16:43694,,,,-,initial,,,,INFO:,,,,,,,
,sem_csmf_metrics.txt,,,10.233.75.28:56838,,,,-,initial,,,,INFO:,,,,,,,
,sem_csmf_metrics.txt,,,192.168.10.16:43718,,,,-,initial,,,,INFO:,,,,,,,
,sem_csmf_metrics.txt,,,10.233.75.28:56840,,,,-,initial,,,,INFO:,,,,,,,
,sem_csmf_metrics.txt,,,192.168.10.16:51896,,,,-,initial,,,,INFO:,,,,,,,
,sem_csmf_metrics.txt,,,192.168.10.16:51908,,,,-,initial,,,,INFO:,,,,,,,
,sem_csmf_metrics.txt,,,10.233.75.28:33870,,,,-,initial,,,,INFO:,,,,,,,
,sem_csmf_metrics.txt,,,192.168.10.16:51914,,,,-,initial,,,,INFO:,,,,,,,
,sem_csmf_metrics.txt,,,10.233.75.28:33872,,,,-,initial,,,,INFO:,,,,,,,
,sem_csmf_metrics.txt,,,192.168.10.16:32810,,,,-,initial,,,,INFO:,,,,,,,
,sem_csmf_metrics.txt,,,192.168.10.16:32812,,,,-,initial,,,,INFO:,,,,,,,
,sem_csmf_metrics.txt,,,10.233.75.28:50222,,,,-,initial,,,,INFO:,,,,,,,
,sem_csmf_metrics.txt,,,192.168.10.16:32824,,,,-,initial,,,,INFO:,,,,,,,
,sem_csmf_metrics.txt,,,10.233.75.28:50226,,,,-,initial,,,,INFO:,,,,,,,
,sem_csmf_metrics.txt,,,192.168.10.16:47630,,,,-,initial,,,,INFO:,,,,,,,
,sem_csmf_metrics.txt,,,192.168.10.16:47628,,,,-,initial,,,,INFO:,,,,,,,
,sem_csmf_metrics.txt,,,10.233.75.28:49970,,,,-,initial,,,,INFO:,,,,,,,
,sem_csmf_metrics.txt,,,192.168.10.16:47638,,,,-,initial,,,,INFO:,,,,,,,
,sem_csmf_metrics.txt,,,10.233.75.28:49982,,,,-,initial,,,,INFO:,,,,,,,
,sem_csmf_metrics.txt,,,192.168.10.16:43666,,,,-,initial,,,,INFO:,,,,,,,
,sem_csmf_metrics.txt,,,192.168.10.16:43678,,,,-,initial,,,,INFO:,,,,,,,
,sem_csmf_metrics.txt,,,10.233.75.28:48000,,,,-,initial,,,,INFO:,,,,,,,
,sem_csmf_metrics.txt,,,192.168.10.16:43684,,,,-,initial,,,,INFO:,,,,,,,
,sem_csmf_metrics.txt,,,10.233.75.28:48002,,,,-,initial,,,,INFO:,,,,,,,
,sem_csmf_metrics.txt,,,192.168.10.16:33996,,,,-,initial,,,,INFO:,,,,,,,
,sem_csmf_metrics.txt,,,192.168.10.16:33982,,,,-,initial,,,,INFO:,,,,,,,
,sem_csmf_metrics.txt,,,10.233.75.28:43368,,,,-,initial,,,,INFO:,,,,,,,
,sem_csmf_metrics.txt,,,192.168.10.16:34010,,,,-,initial,,,,INFO:,,,,,,,
,sem_csmf_metrics.txt,,,10.233.75.28:43378,,,,-,initial,,,,INFO:,,,,,,,
,sem_csmf_metrics.txt,,,192.168.10.16:44006,,,,-,initial,,,,INFO:,,,,,,,
,sem_csmf_metrics.txt,,,192.168.10.16:44004,,,,-,initial,,,,INFO:,,,,,,,
,sem_csmf_metrics.txt,,,10.233.75.28:42982,,,,-,initial,,,,INFO:,,,,,,,
,sem_csmf_metrics.txt,,,192.168.10.16:44026,,,,-,initial,,,,INFO:,,,,,,,
,sem_csmf_metrics.txt,,,10.233.75.28:42994,,,,-,initial,,,,INFO:,,,,,,,
,sem_csmf_metrics.txt,,,192.168.10.16:42678,,,,-,initial,,,,INFO:,,,,,,,
,sem_csmf_metrics.txt,,,192.168.10.16:42676,,,,-,initial,,,,INFO:,,,,,,,
,sem_csmf_metrics.txt,,,10.233.75.28:40886,,,,-,initial,,,,INFO:,,,,,,,
,sem_csmf_metrics.txt,,,192.168.10.16:42690,,,,-,initial,,,,INFO:,,,,,,,
,sem_csmf_metrics.txt,,,10.233.75.28:40900,,,,-,initial,,,,INFO:,,,,,,,
,sem_csmf_metrics.txt,,,192.168.10.16:40538,,,,-,initial,,,,INFO:,,,,,,,
,sem_csmf_metrics.txt,,,192.168.10.16:40550,,,,-,initial,,,,INFO:,,,,,,,
,sem_csmf_metrics.txt,,,10.233.75.28:37548,,,,-,initial,,,,INFO:,,,,,,,
,sem_csmf_metrics.txt,,,192.168.10.16:40560,,,,-,initial,,,,INFO:,,,,,,,
,sem_csmf_metrics.txt,,,10.233.75.28:37564,,,,-,initial,,,,INFO:,,,,,,,
,sem_csmf_metrics.txt,,,192.168.10.16:41492,,,,-,initial,,,,INFO:,,,,,,,
,sem_csmf_metrics.txt,,,192.168.10.16:41476,,,,-,initial,,,,INFO:,,,,,,,
,sem_csmf_metrics.txt,,,10.233.75.28:44582,,,,-,initial,,,,INFO:,,,,,,,
,sem_csmf_metrics.txt,,,192.168.10.16:41498,,,,-,initial,,,,INFO:,,,,,,,
,sem_csmf_metrics.txt,,,10.233.75.28:44598,,,,-,initial,,,,INFO:,,,,,,,
,sem_csmf_metrics.txt,,,192.168.10.16:38838,,,,-,initial,,,,INFO:,,,,,,,
,sem_csmf_metrics.txt,,,192.168.10.16:38848,,,,-,initial,,,,INFO:,,,,,,,
,sem_csmf_metrics.txt,,,10.233.75.28:45912,,,,-,initial,,,,INFO:,,,,,,,
,sem_csmf_metrics.txt,,,192.168.10.16:38850,,,,-,initial,,,,INFO:,,,,,,,
,sem_csmf_metrics.txt,,,10.233.75.28:45920,,,,-,initial,,,,INFO:,,,,,,,
,sem_csmf_metrics.txt,,,192.168.10.16:37082,,,,-,initial,,,,INFO:,,,,,,,
,sem_csmf_metrics.txt,,,192.168.10.16:37094,,,,-,initial,,,,INFO:,,,,,,,
,sem_csmf_metrics.txt,,,10.233.75.28:54698,,,,-,initial,,,,INFO:,,,,,,,
,sem_csmf_metrics.txt,,,192.168.10.16:37102,,,,-,initial,,,,INFO:,,,,,,,
,sem_csmf_metrics.txt,,,10.233.75.28:54704,,,,-,initial,,,,INFO:,,,,,,,
,sem_csmf_metrics.txt,,,192.168.10.16:52164,,,,-,initial,,,,INFO:,,,,,,,
,sem_csmf_metrics.txt,,,192.168.10.16:52180,,,,-,initial,,,,INFO:,,,,,,,
,sem_csmf_metrics.txt,,,10.233.75.28:53516,,,,-,initial,,,,INFO:,,,,,,,
,sem_csmf_metrics.txt,,,192.168.10.16:52182,,,,-,initial,,,,INFO:,,,,,,,
,sem_csmf_metrics.txt,,,10.233.75.28:53532,,,,-,initial,,,,INFO:,,,,,,,
,sem_csmf_metrics.txt,,,192.168.10.16:54070,,,,-,initial,,,,INFO:,,,,,,,
,sem_csmf_metrics.txt,,,192.168.10.16:54072,,,,-,initial,,,,INFO:,,,,,,,
,sem_csmf_metrics.txt,,,10.233.75.28:47462,,,,-,initial,,,,INFO:,,,,,,,
,sem_csmf_metrics.txt,,,192.168.10.16:54086,,,,-,initial,,,,INFO:,,,,,,,
,sem_csmf_metrics.txt,,,10.233.75.28:47476,,,,-,initial,,,,INFO:,,,,,,,
,sem_csmf_metrics.txt,,,192.168.10.16:46568,,,,-,initial,,,,INFO:,,,,,,,
,sem_csmf_metrics.txt,,,192.168.10.16:46572,,,,-,initial,,,,INFO:,,,,,,,
,sem_csmf_metrics.txt,,,10.233.75.28:36632,,,,-,initial,,,,INFO:,,,,,,,
,sem_csmf_metrics.txt,,,192.168.10.16:46586,,,,-,initial,,,,INFO:,,,,,,,
,sem_csmf_metrics.txt,,,10.233.75.28:36646,,,,-,initial,,,,INFO:,,,,,,,
,sem_csmf_metrics.txt,,,192.168.10.16:33868,,,,-,initial,,,,INFO:,,,,,,,
,sem_csmf_metrics.txt,,,192.168.10.16:33878,,,,-,initial,,,,INFO:,,,,,,,
,sem_csmf_metrics.txt,,,10.233.75.28:40086,,,,-,initial,,,,INFO:,,,,,,,
,sem_csmf_metrics.txt,,,192.168.10.16:33884,,,,-,initial,,,,INFO:,,,,,,,
,sem_csmf_metrics.txt,,,10.233.75.28:40092,,,,-,initial,,,,INFO:,,,,,,,
,sem_csmf_metrics.txt,,,192.168.10.16:46396,,,,-,initial,,,,INFO:,,,,,,,
,sem_csmf_metrics.txt,,,192.168.10.16:46380,,,,-,initial,,,,INFO:,,,,,,,
,sem_csmf_metrics.txt,,,10.233.75.28:50418,,,,-,initial,,,,INFO:,,,,,,,
,sem_csmf_metrics.txt,,,192.168.10.16:46412,,,,-,initial,,,,INFO:,,,,,,,
,sem_csmf_metrics.txt,,,10.233.75.28:50430,,,,-,initial,,,,INFO:,,,,,,,
,sem_csmf_metrics.txt,,,192.168.10.16:60136,,,,-,initial,,,,INFO:,,,,,,,
,sem_csmf_metrics.txt,,,192.168.10.16:60138,,,,-,initial,,,,INFO:,,,,,,,
,sem_csmf_metrics.txt,,,10.233.75.28:40194,,,,-,initial,,,,INFO:,,,,,,,
,sem_csmf_metrics.txt,,,192.168.10.16:60160,,,,-,initial,,,,INFO:,,,,,,,
,sem_csmf_metrics.txt,,,10.233.75.28:40198,,,,-,initial,,,,INFO:,,,,,,,
,sem_csmf_metrics.txt,,,192.168.10.16:34548,,,,-,initial,,,,INFO:,,,,,,,
,sem_csmf_metrics.txt,,,192.168.10.16:34550,,,,-,initial,,,,INFO:,,,,,,,
,sem_csmf_metrics.txt,,,10.233.75.28:37780,,,,-,initial,,,,INFO:,,,,,,,
,sem_csmf_metrics.txt,,,192.168.10.16:34560,,,,-,initial,,,,INFO:,,,,,,,
,sem_csmf_metrics.txt,,,10.233.75.28:37782,,,,-,initial,,,,INFO:,,,,,,,
,sem_csmf_metrics.txt,,,192.168.10.16:42586,,,,-,initial,,,,INFO:,,,,,,,
,sem_csmf_metrics.txt,,,192.168.10.16:42600,,,,-,initial,,,,INFO:,,,,,,,
,sem_csmf_metrics.txt,,,10.233.75.28:58250,,,,-,initial,,,,INFO:,,,,,,,
,sem_csmf_metrics.txt,,,192.168.10.16:42610,,,,-,initial,,,,INFO:,,,,,,,
,sem_csmf_metrics.txt,,,10.233.75.28:58256,,,,-,initial,,,,INFO:,,,,,,,
,sem_csmf_metrics.txt,,,192.168.10.16:60190,,,,-,initial,,,,INFO:,,,,,,,
,sem_csmf_metrics.txt,,,192.168.10.16:60196,,,,-,initial,,,,INFO:,,,,,,,
,sem_csmf_metrics.txt,,,10.233.75.28:60098,,,,-,initial,,,,INFO:,,,,,,,
,sem_csmf_metrics.txt,,,192.168.10.16:60208,,,,-,initial,,,,INFO:,,,,,,,
,sem_csmf_metrics.txt,,,10.233.75.28:60106,,,,-,initial,,,,INFO:,,,,,,,
,sem_csmf_metrics.txt,,,192.168.10.16:57358,,,,-,initial,,,,INFO:,,,,,,,
,sem_csmf_metrics.txt,,,192.168.10.16:57372,,,,-,initial,,,,INFO:,,,,,,,
,sem_csmf_metrics.txt,,,10.233.75.28:53768,,,,-,initial,,,,INFO:,,,,,,,
,sem_csmf_metrics.txt,,,192.168.10.16:57376,,,,-,initial,,,,INFO:,,,,,,,
,sem_csmf_metrics.txt,,,10.233.75.28:53770,,,,-,initial,,,,INFO:,,,,,,,
,sem_csmf_metrics.txt,,,192.168.10.16:53796,,,,-,initial,,,,INFO:,,,,,,,
,sem_csmf_metrics.txt,,,192.168.10.16:53802,,,,-,initial,,,,INFO:,,,,,,,
,sem_csmf_metrics.txt,,,10.233.75.28:52428,,,,-,initial,,,,INFO:,,,,,,,
,sem_csmf_metrics.txt,,,192.168.10.16:53816,,,,-,initial,,,,INFO:,,,,,,,
,sem_csmf_metrics.txt,,,10.233.75.28:52438,,,,-,initial,,,,INFO:,,,,,,,
,sem_csmf_metrics.txt,,,192.168.10.16:36852,,,,-,initial,,,,INFO:,,,,,,,
,sem_csmf_metrics.txt,,,192.168.10.16:36836,,,,-,initial,,,,INFO:,,,,,,,
,sem_csmf_metrics.txt,,,10.233.75.28:43882,,,,-,initial,,,,INFO:,,,,,,,
,sem_csmf_metrics.txt,,,192.168.10.16:36856,,,,-,initial,,,,INFO:,,,,,,,
,sem_csmf_metrics.txt,,,10.233.75.28:43884,,,,-,initial,,,,INFO:,,,,,,,
,sem_csmf_metrics.txt,,,192.168.10.16:50586,,,,-,initial,,,,INFO:,,,,,,,
,sem_csmf_metrics.txt,,,192.168.10.16:50592,,,,-,initial,,,,INFO:,,,,,,,
,sem_csmf_metrics.txt,,,10.233.75.28:57120,,,,-,initial,,,,INFO:,,,,,,,
,sem_csmf_metrics.txt,,,192.168.10.16:50594,,,,-,initial,,,,INFO:,,,,,,,
,sem_csmf_metrics.txt,,,10.233.75.28:57132,,,,-,initial,,,,INFO:,,,,,,,
,sem_csmf_metrics.txt,,,192.168.10.16:54836,,,,-,initial,,,,INFO:,,,,,,,
,sem_csmf_metrics.txt,,,192.168.10.16:54838,,,,-,initial,,,,INFO:,,,,,,,
,sem_csmf_metrics.txt,,,10.233.75.28:37646,,,,-,initial,,,,INFO:,,,,,,,
,sem_csmf_metrics.txt,,,192.168.10.16:54854,,,,-,initial,,,,INFO:,,,,,,,
,sem_csmf_metrics.txt,,,10.233.75.28:37662,,,,-,initial,,,,INFO:,,,,,,,
,sem_csmf_metrics.txt,,,192.168.10.16:35548,,,,-,initial,,,,INFO:,,,,,,,
,sem_csmf_metrics.txt,,,192.168.10.16:35558,,,,-,initial,,,,INFO:,,,,,,,
,sem_csmf_metrics.txt,,,10.233.75.28:36020,,,,-,initial,,,,INFO:,,,,,,,
,sem_csmf_metrics.txt,,,192.168.10.16:35572,,,,-,initial,,,,INFO:,,,,,,,
,sem_csmf_metrics.txt,,,10.233.75.28:36036,,,,-,initial,,,,INFO:,,,,,,,
,sem_csmf_metrics.txt,,,192.168.10.16:49260,,,,-,initial,,,,INFO:,,,,,,,
,sem_csmf_metrics.txt,,,192.168.10.16:49258,,,,-,initial,,,,INFO:,,,,,,,
,sem_csmf_metrics.txt,,,10.233.75.28:57818,,,,-,initial,,,,INFO:,,,,,,,
,sem_csmf_metrics.txt,,,192.168.10.16:49288,,,,-,initial,,,,INFO:,,,,,,,
,sem_csmf_metrics.txt,,,10.233.75.28:57834,,,,-,initial,,,,INFO:,,,,,,,
,sem_csmf_metrics.txt,,,192.168.10.16:57602,,,,-,initial,,,,INFO:,,,,,,,
,sem_csmf_metrics.txt,,,192.168.10.16:57612,,,,-,initial,,,,INFO:,,,,,,,
,sem_csmf_metrics.txt,,,10.233.75.28:54224,,,,-,initial,,,,INFO:,,,,,,,
,sem_csmf_metrics.txt,,,192.168.10.16:57614,,,,-,initial,,,,INFO:,,,,,,,
,sem_csmf_metrics.txt,,,10.233.75.28:54226,,,,-,initial,,,,INFO:,,,,,,,
,sem_csmf_metrics.txt,,,192.168.10.16:52100,,,,-,initial,,,,INFO:,,,,,,,
,sem_csmf_metrics.txt,,,192.168.10.16:52114,,,,-,initial,,,,INFO:,,,,,,,
,sem_csmf_metrics.txt,,,10.233.75.28:45224,,,,-,initial,,,,INFO:,,,,,,,
,sem_csmf_metrics.txt,,,192.168.10.16:52116,,,,-,initial,,,,INFO:,,,,,,,
,sem_csmf_metrics.txt,,,10.233.75.28:45236,,,,-,initial,,,,INFO:,,,,,,,
,sem_csmf_metrics.txt,,,192.168.10.16:36964,,,,-,initial,,,,INFO:,,,,,,,
,sem_csmf_metrics.txt,,,192.168.10.16:36968,,,,-,initial,,,,INFO:,,,,,,,
,sem_csmf_metrics.txt,,,10.233.75.28:33202,,,,-,initial,,,,INFO:,,,,,,,
,sem_csmf_metrics.txt,,,192.168.10.16:36982,,,,-,initial,,,,INFO:,,,,,,,
,sem_csmf_metrics.txt,,,10.233.75.28:33210,,,,-,initial,,,,INFO:,,,,,,,
,sem_csmf_metrics.txt,,,192.168.10.16:59652,,,,-,initial,,,,INFO:,,,,,,,
,sem_csmf_metrics.txt,,,192.168.10.16:59642,,,,-,initial,,,,INFO:,,,,,,,
,sem_csmf_metrics.txt,,,10.233.75.28:55670,,,,-,initial,,,,INFO:,,,,,,,
,sem_csmf_metrics.txt,,,192.168.10.16:59668,,,,-,initial,,,,INFO:,,,,,,,
,sem_csmf_metrics.txt,,,10.233.75.28:55678,,,,-,initial,,,,INFO:,,,,,,,
,sem_csmf_metrics.txt,,,192.168.10.16:40848,,,,-,initial,,,,INFO:,,,,,,,
,sem_csmf_metrics.txt,,,192.168.10.16:40844,,,,-,initial,,,,INFO:,,,,,,,
,sem_csmf_metrics.txt,,,10.233.75.28:49346,,,,-,initial,,,,INFO:,,,,,,,
,sem_csmf_metrics.txt,,,192.168.10.16:40862,,,,-,initial,,,,INFO:,,,,,,,
,sem_csmf_metrics.txt,,,10.233.75.28:49358,,,,-,initial,,,,INFO:,,,,,,,
,sem_csmf_metrics.txt,,,192.168.10.16:42042,,,,-,initial,,,,INFO:,,,,,,,
,sem_csmf_metrics.txt,,,192.168.10.16:42052,,,,-,initial,,,,INFO:,,,,,,,
,sem_csmf_metrics.txt,,,10.233.75.28:51972,,,,-,initial,,,,INFO:,,,,,,,
,sem_csmf_metrics.txt,,,192.168.10.16:42058,,,,-,initial,,,,INFO:,,,,,,,
,sem_csmf_metrics.txt,,,10.233.75.28:51976,,,,-,initial,,,,INFO:,,,,,,,
,sem_csmf_metrics.txt,,,192.168.10.16:36464,,,,-,initial,,,,INFO:,,,,,,,
,sem_csmf_metrics.txt,,,192.168.10.16:36462,,,,-,initial,,,,INFO:,,,,,,,
,sem_csmf_metrics.txt,,,10.233.75.28:46202,,,,-,initial,,,,INFO:,,,,,,,
,sem_csmf_metrics.txt,,,192.168.10.16:36476,,,,-,initial,,,,INFO:,,,,,,,
,sem_csmf_metrics.txt,,,10.233.75.28:46204,,,,-,initial,,,,INFO:,,,,,,,
,sem_csmf_metrics.txt,,,192.168.10.16:47242,,,,-,initial,,,,INFO:,,,,,,,
,sem_csmf_metrics.txt,,,192.168.10.16:47248,,,,-,initial,,,,INFO:,,,,,,,
,sem_csmf_metrics.txt,,,10.233.75.28:60098,,,,-,initial,,,,INFO:,,,,,,,
,sem_csmf_metrics.txt,,,192.168.10.16:47264,,,,-,initial,,,,INFO:,,,,,,,
,sem_csmf_metrics.txt,,,10.233.75.28:60110,,,,-,initial,,,,INFO:,,,,,,,
,sem_csmf_metrics.txt,,,192.168.10.16:53126,,,,-,initial,,,,INFO:,,,,,,,
,sem_csmf_metrics.txt,,,192.168.10.16:53142,,,,-,initial,,,,INFO:,,,,,,,
,sem_csmf_metrics.txt,,,10.233.75.28:36058,,,,-,initial,,,,INFO:,,,,,,,
,sem_csmf_metrics.txt,,,192.168.10.16:53146,,,,-,initial,,,,INFO:,,,,,,,
,sem_csmf_metrics.txt,,,10.233.75.28:36068,,,,-,initial,,,,INFO:,,,,,,,
,sem_csmf_metrics.txt,,,192.168.10.16:59080,,,,-,initial,,,,INFO:,,,,,,,
,sem_csmf_metrics.txt,,,192.168.10.16:59088,,,,-,initial,,,,INFO:,,,,,,,
,sem_csmf_metrics.txt,,,10.233.75.28:35516,,,,-,initial,,,,INFO:,,,,,,,
,sem_csmf_metrics.txt,,,192.168.10.16:59096,,,,-,initial,,,,INFO:,,,,,,,
,sem_csmf_metrics.txt,,,10.233.75.28:35528,,,,-,initial,,,,INFO:,,,,,,,
,sem_csmf_metrics.txt,,,192.168.10.16:33694,,,,-,initial,,,,INFO:,,,,,,,
,sem_csmf_metrics.txt,,,192.168.10.16:33692,,,,-,initial,,,,INFO:,,,,,,,
,sem_csmf_metrics.txt,,,10.233.75.28:33096,,,,-,initial,,,,INFO:,,,,,,,
,sem_csmf_metrics.txt,,,192.168.10.16:33720,,,,-,initial,,,,INFO:,,,,,,,
,sem_csmf_metrics.txt,,,10.233.75.28:33104,,,,-,initial,,,,INFO:,,,,,,,
,sem_csmf_metrics.txt,,,192.168.10.16:45990,,,,-,initial,,,,INFO:,,,,,,,
,sem_csmf_metrics.txt,,,192.168.10.16:46000,,,,-,initial,,,,INFO:,,,,,,,
,sem_csmf_metrics.txt,,,10.233.75.28:43098,,,,-,initial,,,,INFO:,,,,,,,
,sem_csmf_metrics.txt,,,192.168.10.16:46006,,,,-,initial,,,,INFO:,,,,,,,
,sem_csmf_metrics.txt,,,10.233.75.28:43108,,,,-,initial,,,,INFO:,,,,,,,
,sem_csmf_metrics.txt,,,192.168.10.16:45078,,,,-,initial,,,,INFO:,,,,,,,
,sem_csmf_metrics.txt,,,192.168.10.16:45082,,,,-,initial,,,,INFO:,,,,,,,
,sem_csmf_metrics.txt,,,10.233.75.28:39364,,,,-,initial,,,,INFO:,,,,,,,
,sem_csmf_metrics.txt,,,192.168.10.16:45084,,,,-,initial,,,,INFO:,,,,,,,
,sem_csmf_metrics.txt,,,10.233.75.28:39370,,,,-,initial,,,,INFO:,,,,,,,
,sem_csmf_metrics.txt,,,192.168.10.16:44904,,,,-,initial,,,,INFO:,,,,,,,
,sem_csmf_metrics.txt,,,192.168.10.16:44920,,,,-,initial,,,,INFO:,,,,,,,
,sem_csmf_metrics.txt,,,10.233.75.28:60688,,,,-,initial,,,,INFO:,,,,,,,
,sem_csmf_metrics.txt,,,192.168.10.16:44926,,,,-,initial,,,,INFO:,,,,,,,
,sem_csmf_metrics.txt,,,10.233.75.28:60696,,,,-,initial,,,,INFO:,,,,,,,
,sem_csmf_metrics.txt,,,192.168.10.16:51882,,,,-,initial,,,,INFO:,,,,,,,
,sem_csmf_metrics.txt,,,192.168.10.16:51880,,,,-,initial,,,,INFO:,,,,,,,
,sem_csmf_metrics.txt,,,10.233.75.28:37288,,,,-,initial,,,,INFO:,,,,,,,
,sem_csmf_metrics.txt,,,192.168.10.16:51908,,,,-,initial,,,,INFO:,,,,,,,
,sem_csmf_metrics.txt,,,10.233.75.28:37298,,,,-,initial,,,,INFO:,,,,,,,
,sem_csmf_metrics.txt,,,192.168.10.16:57814,,,,-,initial,,,,INFO:,,,,,,,
,sem_csmf_metrics.txt,,,192.168.10.16:57820,,,,-,initial,,,,INFO:,,,,,,,
,sem_csmf_metrics.txt,,,10.233.75.28:57918,,,,-,initial,,,,INFO:,,,,,,,
,sem_csmf_metrics.txt,,,192.168.10.16:57822,,,,-,initial,,,,INFO:,,,,,,,
,sem_csmf_metrics.txt,,,10.233.75.28:57932,,,,-,initial,,,,INFO:,,,,,,,
,sem_csmf_metrics.txt,,,192.168.10.16:47512,,,,-,initial,,,,INFO:,,,,,,,
,sem_csmf_metrics.txt,,,192.168.10.16:47528,,,,-,initial,,,,INFO:,,,,,,,
,sem_csmf_metrics.txt,,,10.233.75.28:38502,,,,-,initial,,,,INFO:,,,,,,,
,sem_csmf_metrics.txt,,,192.168.10.16:47536,,,,-,initial,,,,INFO:,,,,,,,
,sem_csmf_metrics.txt,,,10.233.75.28:38512,,,,-,initial,,,,INFO:,,,,,,,
,sem_csmf_metrics.txt,,,192.168.10.16:36832,,,,-,initial,,,,INFO:,,,,,,,
,sem_csmf_metrics.txt,,,192.168.10.16:36846,,,,-,initial,,,,INFO:,,,,,,,
,sem_csmf_metrics.txt,,,10.233.75.28:59284,,,,-,initial,,,,INFO:,,,,,,,
,sem_csmf_metrics.txt,,,192.168.10.16:36850,,,,-,initial,,,,INFO:,,,,,,,
,sem_csmf_metrics.txt,,,10.233.75.28:59286,,,,-,initial,,,,INFO:,,,,,,,
,sem_csmf_metrics.txt,,,192.168.10.16:50942,,,,-,initial,,,,INFO:,,,,,,,
,sem_csmf_metrics.txt,,,192.168.10.16:50950,,,,-,initial,,,,INFO:,,,,,,,
,sem_csmf_metrics.txt,,,10.233.75.28:45594,,,,-,initial,,,,INFO:,,,,,,,
,sem_csmf_metrics.txt,,,192.168.10.16:50954,,,,-,initial,,,,INFO:,,,,,,,
,sem_csmf_metrics.txt,,,10.233.75.28:45598,,,,-,initial,,,,INFO:,,,,,,,
,sem_csmf_metrics.txt,,,192.168.10.16:33638,,,,-,initial,,,,INFO:,,,,,,,
,sem_csmf_metrics.txt,,,192.168.10.16:33640,,,,-,initial,,,,INFO:,,,,,,,
,sem_csmf_metrics.txt,,,10.233.75.28:56832,,,,-,initial,,,,INFO:,,,,,,,
,sem_csmf_metrics.txt,,,192.168.10.16:33656,,,,-,initial,,,,INFO:,,,,,,,
,sem_csmf_metrics.txt,,,10.233.75.28:56836,,,,-,initial,,,,INFO:,,,,,,,
,sem_csmf_metrics.txt,,,192.168.10.16:35386,,,,-,initial,,,,INFO:,,,,,,,
,sem_csmf_metrics.txt,,,192.168.10.16:35388,,,,-,initial,,,,INFO:,,,,,,,
,sem_csmf_metrics.txt,,,10.233.75.28:33588,,,,-,initial,,,,INFO:,,,,,,,
,sem_csmf_metrics.txt,,,192.168.10.16:35400,,,,-,initial,,,,INFO:,,,,,,,
,sem_csmf_metrics.txt,,,10.233.75.28:33592,,,,-,initial,,,,INFO:,,,,,,,
,sem_csmf_metrics.txt,,,192.168.10.16:43832,,,,-,initial,,,,INFO:,,,,,,,
,sem_csmf_metrics.txt,,,192.168.10.16:43840,,,,-,initial,,,,INFO:,,,,,,,
,sem_csmf_metrics.txt,,,10.233.75.28:45724,,,,-,initial,,,,INFO:,,,,,,,
,sem_csmf_metrics.txt,,,192.168.10.16:43854,,,,-,initial,,,,INFO:,,,,,,,
,sem_csmf_metrics.txt,,,10.233.75.28:45726,,,,-,initial,,,,INFO:,,,,,,,
,sem_csmf_metrics.txt,,,192.168.10.16:38526,,,,-,initial,,,,INFO:,,,,,,,
,sem_csmf_metrics.txt,,,192.168.10.16:38522,,,,-,initial,,,,INFO:,,,,,,,
,sem_csmf_metrics.txt,,,10.233.75.28:53318,,,,-,initial,,,,INFO:,,,,,,,
,sem_csmf_metrics.txt,,,192.168.10.16:38538,,,,-,initial,,,,INFO:,,,,,,,
,sem_csmf_metrics.txt,,,10.233.75.28:53334,,,,-,initial,,,,INFO:,,,,,,,
,sem_csmf_metrics.txt,,,192.168.10.16:37248,,,,-,initial,,,,INFO:,,,,,,,
,sem_csmf_metrics.txt,,,192.168.10.16:37260,,,,-,initial,,,,INFO:,,,,,,,
,sem_csmf_metrics.txt,,,10.233.75.28:52292,,,,-,initial,,,,INFO:,,,,,,,
,sem_csmf_metrics.txt,,,192.168.10.16:37262,,,,-,initial,,,,INFO:,,,,,,,
,sem_csmf_metrics.txt,,,10.233.75.28:52306,,,,-,initial,,,,INFO:,,,,,,,
,sem_csmf_metrics.txt,,,192.168.10.16:33622,,,,-,initial,,,,INFO:,,,,,,,
,sem_csmf_metrics.txt,,,192.168.10.16:33634,,,,-,initial,,,,INFO:,,,,,,,
,sem_csmf_metrics.txt,,,10.233.75.28:38170,,,,-,initial,,,,INFO:,,,,,,,
,sem_csmf_metrics.txt,,,192.168.10.16:33648,,,,-,initial,,,,INFO:,,,,,,,
,sem_csmf_metrics.txt,,,10.233.75.28:38178,,,,-,initial,,,,INFO:,,,,,,,
,sem_csmf_metrics.txt,,,192.168.10.16:40308,,,,-,initial,,,,INFO:,,,,,,,
,sem_csmf_metrics.txt,,,192.168.10.16:40312,,,,-,initial,,,,INFO:,,,,,,,
,sem_csmf_metrics.txt,,,10.233.75.28:40954,,,,-,initial,,,,INFO:,,,,,,,
,sem_csmf_metrics.txt,,,192.168.10.16:40328,,,,-,initial,,,,INFO:,,,,,,,
,sem_csmf_metrics.txt,,,10.233.75.28:40970,,,,-,initial,,,,INFO:,,,,,,,
,sem_csmf_metrics.txt,,,192.168.10.16:43492,,,,-,initial,,,,INFO:,,,,,,,
,sem_csmf_metrics.txt,,,192.168.10.16:43496,,,,-,initial,,,,INFO:,,,,,,,
,sem_csmf_metrics.txt,,,10.233.75.28:54200,,,,-,initial,,,,INFO:,,,,,,,
,sem_csmf_metrics.txt,,,192.168.10.16:43512,,,,-,initial,,,,INFO:,,,,,,,
,sem_csmf_metrics.txt,,,10.233.75.28:54204,,,,-,initial,,,,INFO:,,,,,,,
,sem_csmf_metrics.txt,,,192.168.10.16:42810,,,,-,initial,,,,INFO:,,,,,,,
,sem_csmf_metrics.txt,,,192.168.10.16:42808,,,,-,initial,,,,INFO:,,,,,,,
,sem_csmf_metrics.txt,,,10.233.75.28:41194,,,,-,initial,,,,INFO:,,,,,,,
,sem_csmf_metrics.txt,,,192.168.10.16:42826,,,,-,initial,,,,INFO:,,,,,,,
,sem_csmf_metrics.txt,,,10.233.75.28:41206,,,,-,initial,,,,INFO:,,,,,,,
,sem_csmf_metrics.txt,,,192.168.10.16:33874,,,,-,initial,,,,INFO:,,,,,,,
,sem_csmf_metrics.txt,,,192.168.10.16:33876,,,,-,initial,,,,INFO:,,,,,,,
,sem_csmf_metrics.txt,,,10.233.75.28:41544,,,,-,initial,,,,INFO:,,,,,,,
,sem_csmf_metrics.txt,,,192.168.10.16:33882,,,,-,initial,,,,INFO:,,,,,,,
,sem_csmf_metrics.txt,,,10.233.75.28:41556,,,,-,initial,,,,INFO:,,,,,,,
,sem_csmf_metrics.txt,,,192.168.10.16:42514,,,,-,initial,,,,INFO:,,,,,,,
,sem_csmf_metrics.txt,,,192.168.10.16:42516,,,,-,initial,,,,INFO:,,,,,,,
,sem_csmf_metrics.txt,,,10.233.75.28:36310,,,,-,initial,,,,INFO:,,,,,,,
,sem_csmf_metrics.txt,,,192.168.10.16:42544,,,,-,initial,,,,INFO:,,,,,,,
,sem_csmf_metrics.txt,,,10.233.75.28:36324,,,,-,initial,,,,INFO:,,,,,,,
,sem_csmf_metrics.txt,,,192.168.10.16:45056,,,,-,initial,,,,INFO:,,,,,,,
,sem_csmf_metrics.txt,,,192.168.10.16:45058,,,,-,initial,,,,INFO:,,,,,,,
,sem_csmf_metrics.txt,,,10.233.75.28:58716,,,,-,initial,,,,INFO:,,,,,,,
,sem_csmf_metrics.txt,,,192.168.10.16:45074,,,,-,initial,,,,INFO:,,,,,,,
,sem_csmf_metrics.txt,,,10.233.75.28:58726,,,,-,initial,,,,INFO:,,,,,,,
,sem_csmf_metrics.txt,,,192.168.10.16:57388,,,,-,initial,,,,INFO:,,,,,,,
,sem_csmf_metrics.txt,,,192.168.10.16:57390,,,,-,initial,,,,INFO:,,,,,,,
,pods_resources_initial.txt,,,157m,,,,4945Mi,initial,,,,kafka-c948b8d64-jgmz5,,,,,,,
,pods_resources_initial.txt,,,3m,,,,121Mi,initial,,,,trisla-bc-nssmf-7c8ff9c4fc-kwmqd,,,,,,,
,pods_resources_initial.txt,,,2m,,,,229Mi,initial,,,,trisla-besu-5d9454c8f8-gf8c7,,,,,,,
,pods_resources_initial.txt,,,6m,,,,60Mi,initial,,,,trisla-decision-engine-75b9bb485c-45xgx,,,,,,,
,pods_resources_initial.txt,,,5m,,,,190Mi,initial,,,,trisla-ml-nsmf-65d98c9cff-bxsj6,,,,,,,
,pods_resources_initial.txt,,,0m,,,,0Mi,initial,,,,trisla-nasp-adapter-5688bf5f8f-x4fm2,,,,,,,
,pods_resources_initial.txt,,,22m,,,,53Mi,initial,,,,trisla-portal-backend-7498b598f7-hm7gw,,,,,,,
,pods_resources_initial.txt,,,1m,,,,50Mi,initial,,,,trisla-portal-frontend-7dffd67779-mql7r,,,,,,,
,pods_resources_initial.txt,,,4m,,,,157Mi,initial,,,,trisla-sem-csmf-95dfc79f4-zpscg,,,,,,,
,pods_resources_initial.txt,,,3m,,,,50Mi,initial,,,,trisla-sla-agent-layer-b8c7b6fdc-x6fbb,,,,,,,
,pods_resources_initial.txt,,,1m,,,,10Mi,initial,,,,trisla-ui-dashboard-85755bf748-t9zfs,,,,,,,
,nodes_resources_initial.txt,,,3974m,,,,34%,initial,,,,node1,,,,,,,
,nodes_resources_initial.txt,,,532m,,,,4%,initial,,,,node2,,,,,,,
,pods_resources_final.txt,,,143m,,,,4946Mi,final,,,,kafka-c948b8d64-jgmz5,,,,,,,
,pods_resources_final.txt,,,3m,,,,121Mi,final,,,,trisla-bc-nssmf-7c8ff9c4fc-kwmqd,,,,,,,
,pods_resources_final.txt,,,2m,,,,229Mi,final,,,,trisla-besu-5d9454c8f8-gf8c7,,,,,,,
,pods_resources_final.txt,,,6m,,,,60Mi,final,,,,trisla-decision-engine-75b9bb485c-45xgx,,,,,,,
,pods_resources_final.txt,,,5m,,,,190Mi,final,,,,trisla-ml-nsmf-65d98c9cff-bxsj6,,,,,,,
,pods_resources_final.txt,,,0m,,,,0Mi,final,,,,trisla-nasp-adapter-5688bf5f8f-x4fm2,,,,,,,
,pods_resources_final.txt,,,20m,,,,59Mi,final,,,,trisla-portal-backend-7498b598f7-hm7gw,,,,,,,
,pods_resources_final.txt,,,2m,,,,49Mi,final,,,,trisla-portal-frontend-7dffd67779-mql7r,,,,,,,
,pods_resources_final.txt,,,4m,,,,169Mi,final,,,,trisla-sem-csmf-95dfc79f4-zpscg,,,,,,,
,pods_resources_final.txt,,,3m,,,,50Mi,final,,,,trisla-sla-agent-layer-b8c7b6fdc-x6fbb,,,,,,,
,pods_resources_final.txt,,,1m,,,,10Mi,final,,,,trisla-ui-dashboard-85755bf748-t9zfs,,,,,,,
,nodes_resources.txt,,,3673m,,,,32%,initial,,,,node1,,,,,,,
,nodes_resources.txt,,,1442m,,,,12%,initial,,,,node2,,,,,,,
,pods_resources.txt,,,706m,,,,5025Mi,initial,,,,kafka-c948b8d64-jgmz5,,,,,,,
,pods_resources.txt,,,3m,,,,121Mi,initial,,,,trisla-bc-nssmf-7c8ff9c4fc-kwmqd,,,,,,,
,pods_resources.txt,,,2m,,,,226Mi,initial,,,,trisla-besu-5d9454c8f8-gf8c7,,,,,,,
,pods_resources.txt,,,5m,,,,60Mi,initial,,,,trisla-decision-engine-75b9bb485c-45xgx,,,,,,,
,pods_resources.txt,,,5m,,,,190Mi,initial,,,,trisla-ml-nsmf-65d98c9cff-bxsj6,,,,,,,
,pods_resources.txt,,,0m,,,,0Mi,initial,,,,trisla-nasp-adapter-5688bf5f8f-x4fm2,,,,,,,
,pods_resources.txt,,,22m,,,,53Mi,initial,,,,trisla-portal-backend-7498b598f7-hm7gw,,,,,,,
,pods_resources.txt,,,1m,,,,50Mi,initial,,,,trisla-portal-frontend-7dffd67779-mql7r,,,,,,,
,pods_resources.txt,,,4m,,,,157Mi,initial,,,,trisla-sem-csmf-95dfc79f4-zpscg,,,,,,,
,pods_resources.txt,,,3m,,,,50Mi,initial,,,,trisla-sla-agent-layer-b8c7b6fdc-x6fbb,,,,,,,
,pods_resources.txt,,,1m,,,,10Mi,initial,,,,trisla-ui-dashboard-85755bf748-t9zfs,,,,,,,
